,14296,17650,19597,16147,12673,12137,18820,10723,10823,12129,14837,14133,7597,9436,12393,12141,14300,9344,18830,7426,12395,18832,18828,10727,12683,19778,19788,7695,20259,20265,20255,20257,22082,22074,11372,22076,23858,25657,25862,26131,26423,27221,27734,28028,13485,30940,31846,31848,35747,36089
2019-01-01,2.83,1.815,2.67,,3.37,2.9,4.225,3.9,3.43,2.63,2.685,4.37,2.385,2.87,3.12,2.54,,,,,,,,,,,,,,,,,,,,,,,,,,,,,,,,,,
2019-01-02,,2.2,,,,2.77,4.33,4.33,3.8,2.33,2.53,,2.4,2.87,3.09,2.6100000000000003,,,,,,,,,,,,,,,,,,,,,,,,,,,,,,,,,,
2019-01-03,,2.05,,4.3,3.3,2.9,4.415,4.13,3.415,2.2,2.97,4.2,2.1,2.97,2.9,2.8,,,,,,,,,,,,,,,,,,,,,,,,,,,,,,,,,,
2019-01-04,2.03,1.3,,3.0,2.33,1.87,2.97,2.37,1.93,1.6,1.33,3.13,1.43,1.9,2.05,1.4849999999999999,,,,,,,,,,,,,,,,,,,,,,,,,,,,,,,,,,
2019-01-05,,,,,,,,,,,,,,,,,,,,,,,,,,,,,,,,,,,,,,,,,,,,,,,,,,
2019-01-06,4.77,4.0,6.73,8.7,6.6,5.47,8.53,6.5,6.285,2.97,5.5,10.53,4.57,4.73,5.3,4.57,,,6.715,7.87,,,5.57,5.67,,,,,,,,,,,,,,,,,,,,,,,,,,
2019-01-07,,,,,,,,,,,,,,,,,,,,,,,,,,,,,,,,,,,,,,,,,,,,,,,,,,
2019-01-08,1.73,1.2,2.315,4.665,3.03,2.17,3.07,2.7,2.15,1.15,2.23,4.9,1.7,2.27,1.3450000000000002,1.5,,,2.3,2.7,,,1.5,0.915,2.27,,,,,,,,,,,,,,,,,,,,,,,,,
2019-01-09,3.27,2.3,2.77,4.73,3.83,3.4,5.33,4.77,4.23,3.0149999999999997,3.17,5.33,3.185,3.63,,2.785,,,,3.8,,,3.77,1.87,3.67,,,,,,,,,,,,,,,,,,,,,,,,,
2019-01-10,4.8,2.47,,4.53,4.1000000000000005,,5.67,5.17,3.93,3.57,2.97,5.54,3.83,3.7,,3.115,,,4.85,4.87,,,3.97,3.1,3.73,,,,,,,,,,,,,,,,,,,,,,,,,
2019-01-11,4.47,2.63,2.7,4.8149999999999995,4.3,4.3,6.63,4.43,3.75,3.87,3.2,5.6,2.97,4.4,,2.57,,,4.77,4.63,,,3.53,3.4,3.9850000000000003,,,,,,,,,,,,,,,,,,,,,,,,,
2019-01-12,5.385,2.6,3.2,4.5,3.97,4.73,7.33,5.03,4.1,5.07,5.135,4.9,3.0,5.6,,2.93,,,5.67,5.47,,3.83,,3.63,3.03,,,,,,,,,,,,,,,,,,,,,,,,,
2019-01-13,9.6,5.3149999999999995,,8.13,6.73,7.7,11.385,9.585,8.77,6.47,6.484999999999999,8.95,8.03,7.63,,6.37,5.82,6.67,9.73,8.7,,7.63,,7.07,,9.865,5.449999999999999,,,,,,,,,,,,,,,,,,,,,,,
2019-01-14,1.7,1.1,1.23,2.0149999999999997,1.77,1.9,2.6,2.47,1.77,1.8,1.1,2.2,1.13,,,1.17,,,1.9,1.5,1.17,1.37,,1.43,1.07,1.63,0.6,,,,,,,,,,,,,,,,,,,,,,,
2019-01-15,7.67,2.77,3.17,5.32,4.37,4.9,8.4,5.37,5.03,5.07,3.53,5.109999999999999,3.43,,,3.37,,,5.8,4.67,,3.65,4.57,3.4,3.93,,2.37,,,,,,,,,,,,,,,,,,,,,,,
2019-01-16,4.83,2.8,4.4,6.4,4.63,4.73,5.9,5.87,4.43,3.93,3.5,,3.535,,,3.9,,,4.93,5.6,,5.085,3.97,4.27,4.35,,2.9,,,,,,,,,,,,,,,,,,,,,,,
2019-01-17,2.13,1.63,1.8,3.185,2.4,2.7,3.33,,2.6,2.07,1.73,,1.77,,1.92,1.6,,,2.6,2.83,,2.47,2.47,2.1,1.9,,1.03,,,,,,,,,,,,,,,,,,,,,,,
2019-01-18,,,1.615,,2.33,,3.3674999999999997,,2.2,,1.7,,1.5,,1.65,1.8,,,2.43,,,1.8,,2.1,,,0.83,,,,,,,,,,,,,,,,,,,,,,,
2019-01-19,,,,,,,,,,,,,,,,,,,,,,,,,,,,,,,,,,,,,,,,,,,,,,,,,,
2019-01-20,2.9,1.6,1.83,3.5,2.6,,3.2,3.085,2.63,2.6,1.93,,1.85,,1.935,1.67,,,,2.37,,2.5925000000000002,1.83,2.23,1.6,,1.07,,,,,,,,,,,,,,,,,,,,,,,
2019-01-21,,,,,,,,,,,,,,,,,,,,,,,,,,,,,,,,,,,,,,,,,,,,,,,,,,
2019-01-22,15.97,,,,,,,17.1,17.33,,12.9,,,,13.38,,,,,,,,,,,19.27,9.8,,,,,,,,,,,,,,,,,,,,,,,
2019-01-23,18.47,19.685000000000002,,31.05,28.03,,32.515,23.67,23.185000000000002,17.37,21.05,43.45,21.915,,18.52,15.0,,,23.685000000000002,25.57,17.73,23.615000000000002,27.87,20.73,20.53,25.87,12.93,,,,,,,,,,,,,,,,,,,,,,,
2019-01-24,31.77,33.43,35.63,47.735,39.0,,45.63,,36.13,28.37,29.63,57.09,37.07,,28.9,25.0,,,37.035,40.27,,36.615,44.47,30.87,31.085,44.13,19.15,,,,,,,,,,,,,,,,,,,,,,,
2019-01-25,16.8,15.55,21.83,31.47,29.0,,22.935000000000002,16.0,18.015,12.1,16.3,39.75,18.8,,13.3,16.9,,,,21.5,,23.3,21.2,24.03,16.57,19.52,12.63,,,,,,,,,,,,,,,,,,,,,,,
2019-01-26,10.8,10.07,10.9,15.7,12.87,,14.885,15.985,11.2,9.7,13.55,19.335,10.83,,8.465,8.85,,,13.55,14.53,,10.97,14.77,8.385,11.33,13.3,6.47,,,,,,,,,,,,,,,,,,,,,,,
2019-01-27,7.53,5.57,6.1225000000000005,11.4,10.3,,10.43,11.05,8.47,8.0,8.815000000000001,12.9,6.53,,7.109999999999999,6.4,,,9.27,10.97,,9.07,10.07,6.07,7.57,6.77,5.63,,,,,,,,,,,,,,,,,,,,,,,
2019-01-28,,19.0,22.665,28.17,21.48,,24.85,22.335,19.93,16.6,17.8,28.62,22.585,,17.07,14.93,,,15.0,30.700000000000003,,57.2,7.0,18.57,20.97,20.9,14.25,,,,,,,,,,,,,,,,,,,,,,,
2019-01-29,,7.7,,21.23,13.13,,16.2,11.67,11.65,9.2,10.37,22.6,9.67,,8.83,7.47,,,12.75,19.47,,18.1,10.17,15.33,11.2,12.97,7.215,,,,,,,,,,,,,,,,,,,,,,,
2019-01-30,,10.87,10.915,15.27,13.17,13.23,16.33,,13.6,10.37,10.63,18.87,11.2,,11.25,8.1,,,,13.8,10.015,13.67,,9.47,12.385,14.6,7.0,,,,,,,,,,,,,,,,,,,,,,,
2019-01-31,,,,,,9.73,,,10.5,,7.615,,9.435,,9.38,,,,,,,,,,,,6.4,,,,,,,,,,,,,,,,,,,,,,,
2019-02-01,,3.1,,5.43,6.63,5.7,7.4,6.63,5.9,4.9,4.915,8.57,4.35,,5.04,3.27,,,,7.265000000000001,4.33,7.47,,4.6850000000000005,6.1,,3.63,,,,,,,,,,,,,,,,,,,,,,,
2019-02-02,,8.17,,0.43,20.83,13.585,19.2,16.53,12.67,13.47,20.915,24.7,11.33,,9.165,8.07,,,,31.335,9.87,18.03,,10.2,13.83,16.35,9.77,,,,,,,,,,,,,,,,,,,,,,,
2019-02-03,,3.07,,0.7,6.13,5.23,7.3,,5.6,6.050000000000001,,9.215,3.7,,4.45,3.33,,,,0.43,5.0525,5.37,,3.37,4.85,0.2,2.83,,,,,,,,,,,,,,,,,,,,,,,
2019-02-04,,4.93,,0.9,9.2,7.87,9.8,9.315000000000001,8.1,6.0,,11.8,6.28,,6.21,6.2,,,,2.77,7.27,9.1,,5.97,6.12,,3.97,,,,,,,,,,,,,,,,,,,,,,,
2019-02-05,,8.17,,0.4,16.7,14.7,17.03,12.1,16.8,12.03,9.03,22.215,9.665,,10.1,7.33,,,,0.87,10.03,15.465,,8.33,12.07,16.53,8.115,,9.315000000000001,14.43,,,,,,,,,,,,,,,,,,,,
2019-02-06,,3.57,,,6.5,6.3,6.83,,6.63,4.67,4.23,8.915,4.12,,5.33,3.9,,,,0.4,4.7775,7.2,,4.77,5.3,,2.97,,5.915,6.965,,,,,,,,,,,,,,,,,,,,
2019-02-07,,7.65,,,12.13,8.83,12.93,12.37,10.285,7.57,8.37,16.23,9.835,,7.9350000000000005,7.2,,,,0.2,7.6850000000000005,11.1,,9.57,10.43,12.17,7.285,,9.4,12.55,,,,,,,,,,,,,,,,,,,,
2019-02-08,,5.67,,,6.47,7.9799999999999995,10.23,,8.2,6.27,5.4,9.2,7.9,,6.9,6.87,,,,0.23,5.6,8.05,,6.43,6.550000000000001,9.1,5.2,,9.23,8.53,,,,,,,,,,,,,,,,,,,,
2019-02-09,,9.8,,,14.47,10.415,16.35,13.43,12.73,8.8,7.715,17.53,10.37,,10.33,8.63,,,,0.2,8.13,14.87,,12.184999999999999,11.73,17.37,9.7,,13.315000000000001,11.5,,,,,,,,,,,,,,,,,,,,
2019-02-10,,9.53,,,10.63,10.9,14.87,14.07,11.9,9.77,9.2,14.8,12.08,,10.33,9.835,,,,0.2,8.425,11.9,,10.97,10.07,13.73,8.67,,11.47,14.235,,,,,,,,,,,,,,,,,,,,
2019-02-11,,2.23,,,2.7,4.07,6.85,3.6399999999999997,4.33,2.9850000000000003,2.53,3.73,2.87,,2.785,2.41,,,,1.43,2.2199999999999998,3.3,,1.87,4.8,3.5,2.2,,3.07,3.35,,,,,,,,,,,,,,,,,,,,
2019-02-12,,1.67,,,3.2350000000000003,4.17,9.280000000000001,3.73,3.17,4.115,2.25,4.0600000000000005,2.63,,2.15,1.9,,,,4.25,1.685,3.4,,2.27,3.13,,1.17,,2.73,3.7,,,,,,,,,,,,,,,,,,,,
2019-02-13,,2.9,,,4.7,3.75,5.949999999999999,5.0,4.5,3.77,3.57,6.1,3.23,,3.76,2.93,,,,4.77,2.67,4.2,,3.6,4.3149999999999995,5.3,2.1,,4.1850000000000005,5.6,,,,,,,,,,,,,,,,,,,,
2019-02-14,,9.9,,,11.07,11.57,15.2,13.05,11.02,9.97,10.515,15.43,12.13,,9.53,8.23,,,,13.2,8.55,11.485,,12.4,10.5,14.83,7.3,,11.07,14.57,,,,,,,,,,,,,,,,,,,,
2019-02-15,,,,,8.75,9.065,11.03,,8.2,7.17,6.97,11.715,7.43,,7.3149999999999995,6.015000000000001,,,,12.465,6.42,9.87,,9.184999999999999,7.484999999999999,9.87,4.87,,8.17,10.0,,,,,,,,,,,,,,,,,,,,
2019-02-16,,,,,15.215,17.9,20.945,16.83,15.8,15.33,13.87,19.55,16.23,17.73,13.915,11.95,,,19.77,19.2,12.325,18.17,18.83,15.0,15.07,18.685000000000002,10.565,,14.13,16.87,,,,,,,,,,,,,,,,,,,,
2019-02-17,,7.07,,,8.085,9.2,13.585,10.8,7.43,7.9,8.73,13.13,8.13,10.43,6.87,6.03,6.13,8.3,11.97,11.27,5.609999999999999,8.37,6.77,7.515000000000001,10.37,11.03,5.3149999999999995,,7.085,12.93,,,,,,,,,,,,,,,,,,,,
2019-02-18,,24.015,30.33,28.37,28.35,20.27,35.93,29.58,23.735,22.0,20.8,34.97,26.67,20.5,22.285,18.0,,23.5,29.57,31.13,19.1,29.314999999999998,28.935000000000002,20.03,24.63,31.77,17.5,,24.77,25.7,,,,,,,,,,,,,,,,,,,,
2019-02-19,,23.6,21.7,23.17,20.1,22.299999999999997,27.65,23.35,20.73,17.53,19.115000000000002,26.064999999999998,22.58,16.450000000000003,17.87,16.485,,19.215,24.950000000000003,22.92,17.095,19.97,26.93,26.6,21.88,25.53,18.4,,19.23,20.4,,,,,,,,,,,,,,,,,,,,
2019-02-20,,3.6,3.27,5.2,5.37,,9.535,,5.63,5.63,5.33,6.8,4.3149999999999995,6.9,4.87,5.17,,4.5,,5.484999999999999,2.99,4.949999999999999,4.25,3.13,6.7,3.83,2.47,,6.57,6.2,,,,,,,,,,,,,,,,,,,,
2019-02-21,,2.83,3.0149999999999997,6.65,3.5,4.57,4.27,,3.37,3.3,3.9,6.595000000000001,4.885,7.23,3.22,4.37,2.1,4.03,5.335,4.77,1.97,4.4,3.315,3.07,6.75,2.43,2.0,,3.57,7.17,,,,,,,,,,,,,,,,,,,,
2019-02-22,,3.13,3.7,10.03,5.1,6.3,8.835,,4.67,5.8,4.07,10.72,9.780000000000001,7.37,3.72,5.53,5.23,6.3,6.73,7.6,,8.8,3.0,2.9,4.0,4.8,1.87,,4.5,11.7,,,,,,,,,,,,,,,,,,,,
2019-02-23,,7.88,,9.350000000000001,9.5,9.53,12.684999999999999,,8.415,7.77,7.8149999999999995,14.1,8.8,7.050000000000001,8.59,,,6.93,8.83,10.2,,10.085,7.17,10.97,8.385000000000002,10.8,4.73,,8.63,11.035,,,,,,,,,,,,,,,,,,,,
2019-02-24,,12.965,,17.5,17.285,16.185000000000002,20.15,,13.17,12.8,13.219999999999999,22.47,14.215,12.415,13.5,10.27,,,16.57,18.83,,16.235,12.57,12.37,13.565,17.935000000000002,9.035,,,17.9,82.95,,,,,,,,,,,,,,,,,,,
2019-02-25,,4.71,,7.53,7.63,7.23,14.58,,6.63,8.35,6.734999999999999,9.315000000000001,5.5,8.5,6.4,5.0,,,8.63,7.37,,6.93,4.83,5.35,6.17,7.87,4.2,,7.43,9.3,,,7.8,,,,,,,,,,,,,,,,,
2019-02-26,,6.4,,9.6,9.885,7.965,17.740000000000002,,7.9,7.984999999999999,8.807500000000001,12.18,8.57,9.7,8.1,7.95,,,10.31,8.9,,9.765,5.63,5.7,8.415,9.205,4.93,,10.085,12.03,,,9.3,,,,,,,,,,,,,,,,,
2019-02-27,,7.58,,13.63,10.47,10.73,19.200000000000003,,9.0,11.2,11.815000000000001,15.17,9.2,9.385,7.77,7.9,,,12.53,13.07,,11.22,7.285,8.27,,11.77,5.9,,10.335,15.5,,,11.23,,,,,,,,,,,,,,,,,
2019-02-28,,3.17,2.63,3.9,3.97,3.9,8.315000000000001,,4.1,3.93,3.97,5.3,2.97,6.1,3.77,3.9,,,5.0,3.7,,4.0,2.6,1.67,4.785,2.67,1.5,,4.53,4.47,,,4.3,,,,,,,,,,,,,,,,,
2019-03-01,,3.0149999999999997,3.2,6.17,5.43,4.734999999999999,8.27,,4.13,4.1850000000000005,4.67,7.35,4.33,5.83,3.47,4.83,3.9,,5.67,5.4,,5.03,3.2,2.47,5.25,,1.9,,,7.0,,,4.47,,,,,,,,,,,,,,,,,
2019-03-02,,2.77,3.0,5.5,4.27,4.3,7.53,,3.33,5.43,6.2,6.33,3.6,4.3,2.9,3.27,,,5.415,6.35,,4.43,3.0,2.67,3.17,,1.33,,3.77,6.57,,,4.5,,,,,,,,,,,,,,,,,
2019-03-03,,2.1,4.6850000000000005,4.27,4.93,3.35,5.33,,3.5,3.3,3.63,5.385,2.97,,2.6,2.57,,,3.8,5.13,,3.8,3.3,2.23,3.4,3.2,2.47,,2.8,4.53,,,5.57,,,,,,,,,,,,,,,,,
2019-03-04,,2.27,5.83,6.13,7.4,4.43,6.6,,3.85,3.4,4.23,8.74,3.33,,3.17,2.5,,,5.03,7.515000000000001,,6.215,3.67,2.97,,5.22,2.97,,,6.9,,,6.97,,,,,,,,,,,,,,,,,
2019-03-05,,2.27,3.0,3.65,3.95,3.5,4.87,,3.73,3.5,3.3,5.0,2.83,,3.2,3.73,,,4.0,4.33,,3.315,3.715,2.17,,3.3,1.8,,4.615,3.83,,,4.67,,,,,,,,,,,,,,,,,
2019-03-06,,3.27,5.1850000000000005,8.13,6.73,5.83,7.17,,6.6,4.67,4.17,8.9,4.87,5.5,5.05,4.23,,,6.73,6.33,,7.47,4.77,,,6.4,3.37,,6.1,7.135,,,8.27,,,,,,,,,,,,,,,,,
2019-03-07,,19.05,29.03,26.53,34.13,17.285,,,21.63,16.57,21.63,29.5,21.5,16.87,15.88,13.8,,,24.45,32.4,,30.060000000000002,26.700000000000003,,,30.83,22.07,,24.97,25.45,,,35.150000000000006,,,,,,,,,,,,,,,,,
2019-03-08,,4.97,7.8149999999999995,7.57,6.535,6.285,,,6.97,5.63,5.25,8.2,5.6475,5.550000000000001,5.53,5.7,,,9.3,8.15,5.12,7.65,7.83,,,9.635,5.715,,8.015,6.715,,,10.13,,,,,,,,,,,,,,,,,
2019-03-09,,3.815,5.07,6.87,4.615,4.93,7.0,,5.5,4.35,4.33,8.2,4.8,4.73,3.97,4.17,4.1,,6.23,5.43,3.7,4.65,5.734999999999999,4.27,,,3.33,,5.2,7.92,,,7.47,,,,,,,,,,,,,,,,,
2019-03-10,,1.725,1.7,2.67,2.5,3.03,4.47,,2.57,2.65,2.25,3.27,1.83,2.77,2.0,1.63,1.67,,3.115,2.57,1.83,2.07,2.3,1.97,2.1,2.43,1.13,,2.27,2.65,4.07,,3.0,,,,,,,,,,,,,,,,,
2019-03-11,,2.2,2.37,3.43,4.63,4.23,8.23,,3.8,3.85,3.47,5.0,2.9,,3.315,3.0,2.6,,4.53,3.53,,3.63,3.07,2.4,4.27,3.17,1.43,,,4.3,,,4.37,,,,,,,,,,,,,,,,,
2019-03-12,,2.785,3.23,6.17,6.23,5.03,7.465,,3.9,4.6850000000000005,4.97,7.135,5.05,,3.22,3.9,3.07,,6.3,4.885,,5.27,2.77,3.15,,3.97,1.6,,4.8,6.97,,,5.285,,,,,,,,,,,,,,,,,
2019-03-13,,7.515000000000001,10.07,10.85,12.33,8.83,,,9.17,,6.33,13.8,10.03,8.27,7.05,6.07,7.050000000000001,,11.4,18.585,,12.75,10.6,9.335,,14.535,9.03,,,9.97,,,12.9,,,,,,,,,,,,,,,,,
2019-03-14,,12.93,16.4,16.9,16.365,12.03,,,13.83,11.2,13.27,20.33,13.0,10.8,10.5,8.63,10.43,,16.05,24.97,,17.77,15.43,14.27,15.23,19.43,10.4,,14.43,16.93,,,22.73,,,,,,,,,,,,,,,,,
2019-03-15,,2.27,4.3,6.967499999999999,8.57,4.43,7.75,,5.15,3.4,4.43,9.8,3.95,4.13,3.8600000000000003,2.33,3.115,,4.87,7.8,,5.67,3.23,8.879999999999999,5.550000000000001,5.08,5.83,,5.13,8.25,1.9,,5.5,,,,,,,,,,,,,,,,,
2019-03-16,,2.2,3.1,3.47,3.5149999999999997,3.97,4.7,,2.77,2.7,2.53,5.4,2.5,2.9675000000000002,2.65,1.83,1.93,,,4.865,2.23,3.035,3.1,1.77,3.0,3.685,1.13,,3.8,4.3,1.97,,4.6850000000000005,,,,,,,,,,,,,,,,,
2019-03-17,,2.63,4.515000000000001,4.9,4.6,4.1,5.13,,3.97,3.1,2.83,5.67,3.57,3.3,3.25,2.93,2.9850000000000003,,,5.57,3.3125,5.27,4.23,4.07,,,3.785,,3.8,4.25,,,6.085,,,,,,,,,,,,,,,,,
2019-03-18,,1.85,2.7,3.77,3.53,3.03,4.1,,3.63,2.4850000000000003,2.115,4.46,2.45,3.33,2.57,2.115,2.3,,3.0,4.015000000000001,,3.3,2.9,3.7199999999999998,,,2.415,,3.33,3.7,,,4.1,,,,,,,,,,,,,,,,,
2019-03-19,,2.3,2.7,3.9,4.2,3.7,6.58,,4.0,3.47,4.37,4.9399999999999995,2.4,4.984999999999999,3.5,3.0149999999999997,2.715,,4.47,3.7,,3.6399999999999997,2.73,2.25,,3.57,2.13,,3.93,4.17,,,4.53,,,,,,,,,,,,,,,,,
2019-03-20,,3.13,3.63,5.4,4.37,4.15,6.77,,4.37,4.1,3.97,6.0,3.47,4.47,3.53,3.33,3.4,4.57,,5.93,,4.4,3.7,4.0,,5.35,2.53,,4.0,5.43,,,5.7,,,,,,,,,,,,,,,,,
2019-03-21,,4.47,6.135,7.7,6.83,6.285,9.88,,6.115,5.83,5.9,8.2,5.9350000000000005,6.17,5.3,4.8,5.07,,,8.03,4.79,6.984999999999999,6.3,8.115,,8.8,4.27,,6.43,7.715,,,8.4,,,,,,,,,,,,,,,,,
2019-03-22,,4.115,5.27,7.4,5.43,6.93,8.95,,6.17,5.83,4.93,8.53,6.5600000000000005,7.3,5.4,4.53,4.87,,,7.2,3.92,6.97,5.23,4.8,,7.6,3.715,,5.35,8.485,,,7.785,,,,,,,,,,,,,,,,,
2019-03-23,,6.83,,10.17,8.03,8.585,12.215,,7.8,8.2,8.25,11.87,7.8675,8.57,6.585,6.33,6.550000000000001,,11.2,10.385,5.85,8.915,8.315000000000001,6.63,,10.32,4.415,,7.57,11.785,,,9.73,,,,,,,,,,,,,,,,,
2019-03-24,,3.8,,6.83,5.07,5.5,8.43,,5.03,4.215,6.285,7.53,5.484999999999999,6.13,4.085,4.415,4.115,,5.55,6.07,,5.4,4.73,4.415,,6.43,2.93,,4.73,8.13,,,5.77,,,,,,,,,,,,,,,,,
2019-03-25,,4.915,,8.27,,5.77,10.215,,6.0,3.2,6.83,9.67,5.4,7.57,6.12,5.8,6.9,,,6.27,3.6,6.1,4.47,3.87,,5.865,3.5,,8.3,9.33,,,6.4,,,,,,,,,,,,,,,,,
2019-03-26,,3.08,,5.550000000000001,,4.63,8.33,,4.57,2.3,5.2,7.13,4.085,6.17,4.35,5.2,,,5.0649999999999995,4.77,3.03,4.6850000000000005,2.87,2.5,,3.9,2.37,,6.07,7.085,,,5.27,,,,,,,,,,,,,,,,,
2019-03-27,,4.53,,8.315000000000001,,5.57,11.325,,4.97,2.87,8.77,9.23,7.915,7.07,4.93,4.87,6.53,,,6.93,3.225,6.72,3.37,4.3,,7.3,3.215,,5.6,9.67,,,6.23,,,,,,,,,,,,,,,,,
2019-03-28,,4.33,2.615,5.83,,4.115,7.22,,3.215,2.5,7.015000000000001,6.17,6.6,4.859999999999999,2.57,3.9,3.73,,,7.27,2.2,5.1,2.7,2.83,,6.37,2.03,,3.05,6.83,,,5.07,,3.53,,,,,,,,,,,,,,,
2019-03-29,,8.015,7.07,13.27,,10.53,14.95,,9.73,10.6,11.14,14.87,12.67,10.5,8.315000000000001,7.5,,,,9.87,7.3,11.55,9.399999999999999,8.53,8.77,12.4,5.65,,10.0,15.17,,,11.6,,8.07,,,,,,,,,,,,,,,
2019-03-30,,10.73,10.3,14.815000000000001,11.57,11.17,15.4,,11.83,11.03,11.585,16.93,14.17,10.47,10.03,8.73,8.23,,,12.65,8.5,12.47,10.23,9.83,10.9,14.754999999999999,8.399999999999999,,11.45,16.73,,8.97,15.2,,9.68,,,,,,,,,,,,,,,
2019-03-31,,1.3,1.27,2.37,2.27,1.9300000000000002,4.015000000000001,,2.47,2.2,2.57,2.9,1.23,,1.9,1.55,,,,1.6,1.1,1.47,1.3,1.27,1.7149999999999999,1.83,0.8,,2.37,3.03,2.33,1.6,2.0,,1.45,,,,,,,,,,,,,,,
2019-04-01,,1.85,1.73,5.449999999999999,,3.55,4.75,,2.5,2.87,,6.9,2.77,,1.95,2.27,2.3,,,3.43,1.4849999999999999,3.04,1.67,1.8,2.63,3.17,0.97,,2.53,7.83,2.53,,3.17,,,,,,,,,,,,,,,,,
2019-04-02,,3.16,3.9,6.385,4.1,5.9,5.885,,4.9,3.97,,7.085,8.1,,4.13,4.33,4.97,,,5.6,3.05,6.37,3.33,3.4,8.47,5.8,2.6,,4.57,6.67,2.37,,6.23,,,,,,,,,,,,,,,,,
2019-04-03,,10.1,10.585,14.965,10.83,12.23,12.1,,11.135,9.9,,15.4,18.93,,10.6,8.57,9.0,,,12.815000000000001,8.88,15.93,11.100000000000001,9.23,13.47,14.2,7.9,,11.5,14.25,4.75,,16.4,,,,,,,,,,,,,,,,,
2019-04-04,,13.23,14.1,18.7,13.93,14.27,15.53,,13.6,12.05,,18.87,21.47,,13.0,10.93,11.03,,,15.715,11.18,17.93,14.47,12.3,15.57,16.37,10.37,,14.13,18.1,7.0,,20.17,,9.85,,,,,,,,,,,,,,,
2019-04-05,,14.315000000000001,17.75,18.03,13.635,13.93,16.17,,13.5,12.47,,19.77,17.27,14.23,12.885,12.13,11.83,,,15.1,11.63,16.43,15.03,11.53,16.5,14.8,11.33,,14.93,16.200000000000003,6.715,,24.585,,13.285,,14.415,,,,,,,,,,,,,
2019-04-06,,16.77,18.2,22.07,16.83,17.135,18.63,,16.015,14.03,,22.62,22.9,15.7,15.8,13.6,13.27,,,18.085,13.815000000000001,20.585,18.87,16.03,17.77,,12.85,,16.9,20.17,7.1,19.5,25.97,,12.65,,2.7,,,,,,,,,,,,,
2019-04-07,,,8.65,9.115,10.9,8.23,11.165,,8.37,7.13,,10.615,6.765000000000001,8.53,8.07,6.4,8.03,,,14.0,6.53,9.015,8.350000000000001,7.13,8.935,,5.37,,8.43,8.4,6.27,10.8,12.585,,6.35,,2.665,,,,,,,,,,,,,
2019-04-08,,2.6,2.8,3.53,4.07,4.1,5.83,,4.73,3.2,,5.43,2.9,4.43,4.16,3.27,3.23,,4.9,,2.77,3.95,3.315,2.63,3.815,,2.1,,4.67,4.13,2.77,,5.0,,2.21,,1.0,,,,,,,,,,,,,
2019-04-09,,,2.37,3.07,3.53,3.37,5.3,,4.13,3.17,,4.7,2.53,4.07,3.535,3.13,2.67,,,,2.37,3.47,2.8,1.93,3.47,2.57,1.67,,3.93,3.9,2.53,,4.27,,1.73,,0.8,,,,,,,,,,,,,
2019-04-10,,2.77,3.33,3.6,3.73,3.63,5.6,,4.13,3.13,,4.87,3.07,5.03,3.47,3.57,3.13,,,4.23,2.57,3.685,3.25,2.4,4.6,2.93,2.43,,4.3,3.7,2.75,,5.33,,,,0.9,,,,,,,,,,,,,
2019-04-11,,2.7,4.1,4.449999999999999,,3.8,5.27,,3.87,2.9,,5.57,2.83,4.5,3.22,5.4,,,,4.57,,3.9850000000000003,3.07,2.9,4.7,2.57,2.0,,4.4,4.43,2.87,,5.83,,3.135,,0.83,,,,,,,,,,,,,
2019-04-12,,1.9,2.67,4.47,3.115,3.5,3.47,,2.77,2.43,,4.775,2.43,3.93,2.55,4.75,,,,3.215,2.35,3.085,2.2,1.83,4.1,1.73,1.23,,3.0,4.2,2.77,,4.37,,2.78,,,,,,,,,,,,,,,
2019-04-13,,1.4,1.6,2.73,2.0,2.585,,,2.03,1.7,,3.025,1.815,2.6,2.01,2.27,,,,2.03,1.6,2.0,1.4,1.3,2.57,1.0,0.8,,2.0,2.73,2.3,,2.77,,,,,,,,,,,,,,,,,
2019-04-14,,1.9,2.33,4.43,2.73,2.4,,,1.9,1.57,,4.47,2.4,2.815,2.2,3.07,,,,2.9,1.97,2.5,1.93,1.77,,1.8,1.1,,3.03,5.07,3.8,,3.45,,,,,,,,,,,,,,,,,
2019-04-15,,3.13,3.53,6.050000000000001,3.53,3.03,,,2.55,1.93,,5.75,4.53,4.0,3.2,4.515000000000001,,,,4.57,2.2,3.47,2.725,1.97,,2.97,1.2149999999999999,,3.9,6.03,5.3,,5.07,,2.4,,3.6,,,,,,,,,,,,,
2019-04-16,,3.42,4.0,4.3,3.03,3.57,,,3.33,2.8,,4.7,4.53,4.83,3.5149999999999997,4.5,,,,4.67,2.7,3.67,3.0,2.3,5.17,3.33,1.7,,3.2,4.43,,,5.8,,3.16,,,,,,,,,,,,,,,
2019-04-17,,4.3,6.0,7.63,,5.13,,,4.5,3.53,,6.85,8.97,7.77,4.77,6.255000000000001,,,,7.5,3.6100000000000003,5.35,3.77,3.115,7.88,5.97,2.57,,4.93,7.385,6.33,,7.07,,4.25,,,,,,,,,,,,,,,
2019-04-18,,9.675,9.27,10.67,,8.0,,,6.484999999999999,6.0,,10.35,16.3,9.065,5.6,9.4,6.4,,,11.57,6.59,7.484999999999999,6.275,4.484999999999999,8.75,13.1,4.33,,7.07,11.87,7.97,,10.52,,5.3,,8.27,,,,,,,,,,,,,
2019-04-19,,7.23,8.5,8.25,5.965,7.03,,,5.47,5.53,,8.184999999999999,10.33,7.5,5.2,6.37,5.0,,,12.7,5.45,7.1,5.65,4.4,7.550000000000001,10.835,4.0,,6.43,8.415,7.775,,9.5,,5.45,,6.87,,,,,,,,,,,,,
2019-04-20,,5.285,,8.83,6.925,6.35,,,5.77,4.97,,8.53,10.67,6.87,5.77,5.07,4.67,,8.73,9.37,5.3,6.609999999999999,5.03,4.87,5.93,8.45,4.6,,7.1,7.8,8.45,,8.83,,5.05,,7.43,,,,,,,,,,,,,
2019-04-21,,5.015000000000001,,7.915,5.6850000000000005,6.17,,,5.53,4.63,,7.5,7.83,5.4,5.37,4.67,,,8.33,8.13,4.72,7.87,5.3,,5.87,7.17,3.93,,5.6,7.1,7.13,,9.1,,4.68,,7.13,,,,,,,,,,,,,
2019-04-22,,,,7.73,5.050000000000001,5.83,,,5.5,4.43,,7.7,6.23,5.73,4.9,4.62,,,7.4,7.57,4.78,7.25,5.27,5.4,5.9,8.19,4.3,,5.27,6.984999999999999,6.5,,7.62,,4.87,,6.7,,,,,,,,,,,,,
2019-04-23,,11.075,16.23,17.4,,13.385,,,11.93,10.33,,16.67,17.03,12.03,11.83,10.23,10.1,,,15.73,10.43,16.384999999999998,12.68,9.9,13.63,18.45,10.33,,12.27,14.815000000000001,14.565000000000001,,18.13,,10.215,,,,,,,,,,,,,,,
2019-04-24,,21.33,23.43,26.6,19.465,18.6,,,17.97,15.35,,24.185000000000002,31.7,20.13,17.4,16.67,15.35,,,24.67,15.78,25.689999999999998,20.9,18.85,21.37,25.88,17.73,,18.5,23.27,,24.4,27.73,,15.415,,,,,,,,,,,,,,,
2019-04-25,,31.67,33.235,34.1,25.47,25.47,,,25.115000000000002,23.17,,33.25,33.685,24.33,25.2,21.77,21.1,,,30.77,22.95,33.55,32.485,24.07,26.03,34.3,22.97,,25.6,27.2,,28.43,42.150000000000006,,20.685000000000002,,,,,,,,,,,,,,,
2019-04-26,,20.625,25.4,25.15,,20.13,,,17.8,17.7,,24.0,23.57,18.085,17.75,15.74,16.47,,,22.4,,23.07,21.705,,21.285,19.9,17.03,,17.215,19.45,,,31.13,,19.259999999999998,,,,,,,,,,,,,,,
2019-04-27,,15.03,17.3,18.87,,14.7,,,14.57,12.684999999999999,,16.9,16.165,14.27,14.3,12.36,12.575,,,15.57,,17.27,15.72,,15.115,15.3,13.03,,14.37,14.43,16.6,,21.985,,13.99,,,,,,,,,,,,,,,
2019-04-28,,7.15,6.4,7.83,5.7,7.1,,,7.37,6.63,,8.5,7.4,,6.75,6.35,7.885,,,7.25,,7.3,6.33,6.585,7.8,5.9,6.03,,6.87,7.53,9.5,,10.184999999999999,,7.6,,,,,,,,,,,,,,,
2019-04-29,,4.93,6.37,8.13,,6.015000000000001,,,5.4,4.37,,8.184999999999999,6.67,,5.47,5.085,5.63,,,6.73,,6.05,4.97,3.83,6.93,6.73,3.23,,6.15,7.97,8.15,6.3,8.13,,4.43,,,,,,,,,,,,,,,
2019-04-30,,5.0,7.07,9.9,6.25,7.67,,,5.93,5.13,,9.47,7.13,,5.67,5.17,5.6,,,7.73,5.3,7.21,5.87,5.2,6.715,8.83,4.73,,6.17,9.35,8.115,,8.93,,5.37,,7.33,,,,,,,,,,,,,
2019-05-01,,7.76,11.27,11.85,9.27,9.1,,,9.0,8.1,,11.2,9.015,,8.1,7.6,7.13,,,,7.62,10.49,10.47,8.97,9.53,11.1,7.67,,8.67,9.77,11.38,,14.35,,8.48,,,,,,,,,,,,,,,
2019-05-02,,2.03,2.5149999999999997,2.97,3.87,3.2,4.5,,3.67,2.5,,4.33,2.13,,2.76,2.73,,,,3.13,2.53,3.17,3.07,2.0,3.13,2.5,1.83,,,3.35,4.77,,4.03,,2.16,,,,,,,,,,,,,,,
2019-05-03,,2.4,2.87,3.73,3.53,3.63,3.9,,2.785,2.4,,4.6850000000000005,2.97,,2.9,2.5,,,,3.83,2.45,3.33,3.03,2.4,3.37,3.25,1.77,,2.93,3.63,4.13,,4.4,,2.53,,,,,,,,,,,,,,,
2019-05-04,,1.97,2.47,2.77,2.23,2.27,2.83,,2.2,1.7,,2.9,2.07,,1.8,2.2,2.03,,,3.2,1.77,2.1,2.37,2.07,2.33,2.4,1.6,,1.87,2.2,2.7,,3.5149999999999997,,2.25,,,,,,,,,,,,,,,
2019-05-05,,1.74,2.13,3.3,2.5,2.93,3.2,,2.53,1.97,,3.73,2.17,,2.13,1.97,,,3.15,3.03,2.0,2.52,2.1,2.07,2.4,2.785,1.53,,2.23,3.23,3.37,,3.3,,2.28,,2.7,,,,,,,,,,,,,
2019-05-06,,3.5,5.0,5.8,4.33,5.5,5.47,,4.63,3.83,,6.47,7.17,,4.015000000000001,3.67,,,,5.9,3.47,5.45,4.949999999999999,4.23,5.1,6.57,3.67,,4.1850000000000005,5.63,6.72,,6.8,,4.95,,,9.53,,,,,,,,,,,,
2019-05-07,,1.33,1.53,2.615,1.97,2.17,2.4,,1.67,1.53,,2.83,3.25,,1.33,1.43,,,,2.83,1.27,1.85,1.5,1.1,1.63,2.43,0.73,,1.23,2.77,2.1,,2.415,,2.45,,,3.58,,,,,,,,,,,,
2019-05-08,,2.97,4.215,5.77,4.27,4.7,5.47,,4.33,3.43,,6.015000000000001,6.0,4.63,3.685,3.5,4.33,,,5.4350000000000005,3.35,4.75,3.9,3.7,4.5,5.725,2.97,,3.8,5.9,5.37,,5.5,,5.25,,,7.9,,,,,,,,,,,,
2019-05-09,,4.3,5.77,8.13,5.67,6.43,6.65,,5.87,5.17,,8.17,8.6,6.8,5.73,4.8,4.949999999999999,,,7.385,5.092499999999999,6.9,5.93,5.4,6.4,6.53,5.2,,5.7,8.0,8.19,,7.73,,5.0600000000000005,,,10.45,,,,,,,,,,,,
2019-05-10,,6.4,8.83,10.175,7.67,7.7,8.73,,7.37,6.27,,9.684999999999999,12.57,8.3,7.050000000000001,6.13,6.8149999999999995,,,9.37,6.385,9.025,7.33,6.73,10.285,10.684999999999999,6.3,,7.135,9.58,,,10.43,,7.07,,,12.82,,,,,,,,,,,,
2019-05-11,,3.6950000000000003,5.23,8.8,6.3,5.87,7.37,,6.115,4.5,,7.9,5.8149999999999995,6.03,5.75,4.2,4.07,,,6.57,5.1,6.83,4.47,3.53,5.93,6.33,3.0,,6.3,6.73,6.28,6.515000000000001,6.63,,5.72,,,9.925,1.6,,,,,,,,,,,
2019-05-12,,2.0,2.6,3.53,2.8,2.85,3.7,,,2.37,,3.8,2.3,3.165,2.4,2.3,2.03,,,3.45,2.185,3.02,2.3,2.5,,3.05,2.27,,2.4,3.23,3.75,2.53,3.53,,2.67,,,4.05,2.3,,,,,,,,,,,
2019-05-13,,1.63,2.77,3.2,2.9850000000000003,2.93,3.7,,,2.1,,3.53,2.4,3.685,2.43,2.785,2.5,,,3.63,2.0,2.55,2.0,2.07,,2.75,1.9,,2.77,3.2,4.1,2.26,3.43,,2.7,,,4.37,1.3,,,,,,,,,,,
2019-05-14,,1.77,2.2,3.65,,3.0,3.41,,,1.87,,3.75,2.6,3.0,2.2,2.13,2.315,,,2.77,1.705,2.6100000000000003,1.57,1.37,,2.35,1.33,,2.43,3.4850000000000003,3.1,2.6,2.77,,2.25,,,3.99,1.15,,,,,,,,,,,
2019-05-15,,1.67,2.9,4.285,,3.55,3.2,,2.63,2.1225,,4.03,4.27,4.1,2.55,2.37,3.25,,,3.17,2.1,2.92,2.07,1.6,,2.62,1.23,,2.5,4.3,3.65,,3.53,,2.75,,,5.08,,2.62,,,,,,,,,,
2019-05-16,,1.9,3.5149999999999997,4.17,2.7,3.27,3.37,,2.87,2.2,,4.03,3.63,3.97,2.45,2.9,3.5599999999999996,,,3.5,2.5,2.92,2.07,1.77,,3.08,1.67,,2.67,4.25,3.72,,4.23,,2.87,,,4.977499999999999,,2.87,,,,,,,,,,
2019-05-17,,1.63,2.4,2.8,2.2,2.63,2.55,,2.23,2.07,,2.6,2.07,3.07,2.27,2.27,2.72,,,2.47,,2.37,1.87,1.63,3.07,1.65,1.57,,2.12,2.6,2.98,1.33,3.77,,2.65,,,3.95,,1.85,,,,,,,,,,
2019-05-18,,2.1,4.115,4.43,3.27,3.53,4.12,,3.5,3.0,,4.03,3.6,4.35,3.53,3.385,3.43,,,4.03,,3.85,2.77,3.2,4.23,4.47,3.2,,3.43,3.97,4.78,2.67,5.27,,3.3925,,,6.2,,3.27,,,,,,,,,,
2019-05-19,,6.93,14.47,18.33,15.13,10.485,13.88,,9.17,9.4,,16.63,13.5,10.3,10.37,7.78,7.93,,,13.83,,15.3,10.17,9.13,11.55,16.86,9.815000000000001,,11.23,13.53,17.475,11.97,14.67,,10.415,,,17.32,,9.83,,,,,,,,,,
2019-05-20,,5.97,9.95,11.89,7.83,8.03,8.58,,6.93,6.5,,9.9,9.5,8.39,7.53,6.53,6.63,,,9.1,,9.65,7.37,6.83,9.23,11.03,7.2,,7.5,8.6,9.63,,,,7.29,,,12.4,,8.375,,,,,,,,,,
2019-05-21,,6.45,11.13,12.115,8.5,8.53,9.28,,7.33,7.085,,10.2,9.8,8.37,8.47,7.03,7.72,,,,,10.08,7.8,7.07,,11.3025,7.85,,8.35,8.6,10.78,,,,8.03,,,13.21,,8.4,5.9,,,,,,,,,
2019-05-22,,5.28,8.97,9.57,6.5,6.37,7.0,,5.949999999999999,5.115,,7.785,7.8,7.2425,6.85,5.72,6.95,,,7.2,,8.23,5.75,5.25,,8.75,5.4,,6.28,6.9,7.65,,9.485,,6.13,,,9.865,,6.09,6.0649999999999995,,,,,,,,,
2019-05-23,,5.83,10.9,12.67,,8.03,10.68,,8.4,7.015000000000001,,11.05,8.184999999999999,7.9,7.93,6.37,5.8,,,9.815000000000001,,9.15,7.1,7.63,,10.72,7.1,,8.4,8.83,10.65,,12.435,,7.9,,,12.75,,7.8,4.6,,,,,,,,,
2019-05-24,,2.47,5.3,4.885,,4.37,4.59,,3.5,2.97,,4.73,4.63,4.0,3.2,3.47,3.58,,,4.83,,4.234999999999999,3.13,3.63,,5.67,2.67,,3.37,4.015000000000001,4.5,,6.17,,4.115,,,6.75,,4.12,2.55,,,,,,,,,
2019-05-25,,1.7,2.23,2.53,2.1,2.085,2.47,,1.885,1.4,,2.43,1.87,2.1,1.83,1.67,1.6,,,,,2.12,2.07,1.8,1.83,2.35,1.57,,1.63,1.8,2.6,,3.0149999999999997,,1.92,,,2.83,,1.57,1.07,,,,,,,,,
2019-05-26,,1.4,1.8,2.5149999999999997,2.37,1.93,2.98,,2.4,1.53,,2.83,1.67,,1.77,1.73,2.03,,,,,2.1,2.07,1.6,1.9,2.315,1.23,,2.07,2.37,3.55,,2.7,,2.03,,,3.2,,1.6,2.15,,,,,,,,,
2019-05-27,,1.5,2.0,2.73,2.1,2.97,2.25,,1.8,1.43,,2.77,2.73,2.0149999999999997,1.83,1.6,1.95,,,2.7,,2.52,1.7,1.33,,2.65,1.13,,1.73,2.4,2.55,2.185,2.93,,2.2,,,3.84,,1.67,,,,,,,,,,
2019-05-28,,4.03,6.03,7.0,5.47,5.6850000000000005,6.75,,5.17,4.4,,7.1850000000000005,5.8,5.23,4.8,4.35,5.27,5.83,,6.53,,6.2,5.43,,,7.97,4.53,,5.03,6.63,6.945,5.0,7.73,,6.03,,,9.25,,5.37,,,,,,,,,,
2019-05-29,,1.7149999999999999,1.8,3.27,2.37,2.43,3.525,,2.45,2.1,,3.5,2.63,2.85,2.03,1.72,2.27,2.63,,3.4,,2.4,1.9,,,3.37,1.37,,2.4,3.63,3.0,,3.1399999999999997,,2.45,,,3.2,,2.42,,,,,,,,,,
2019-05-30,,3.0,4.37,5.23,3.7,3.95,4.6,,4.13,3.1,,5.385,4.77,4.07,3.7,3.33,3.77,4.67,,4.97,,4.385,3.9,3.37,3.83,5.92,3.13,,4.0,5.13,5.95,3.17,5.67,,3.75,,5.47,6.6,,3.37,,,,,,,,,,
2019-05-31,,1.27,1.3,2.2,1.9,1.67,2.5,,1.73,1.37,,2.33,1.67,2.0,1.33,1.4,1.7,1.9,,2.7,,1.75,1.5,1.3,1.73,2.45,1.0,,1.47,2.2,2.12,,2.2,,1.97,,1.7,2.4,1.26,1.55,1.95,,,,,,,,,
2019-06-01,,2.65,4.215,5.609999999999999,,3.8,4.92,,4.1,3.085,,5.37,3.6,3.83,3.7,3.3,3.53,4.33,,4.715,3.47,4.47,4.0,,3.83,5.135,2.9850000000000003,,3.63,4.87,5.484999999999999,3.93,5.385,,4.03,,4.87,6.25,2.4,3.285,4.645,,,,,,,,,
2019-06-02,,1.3250000000000002,2.0,2.27,,1.73,2.33,,1.915,1.33,,2.05,1.8,2.13,1.73,1.635,1.85,2.1,,2.3,,1.85,1.9849999999999999,1.6,2.03,2.435,1.3,,1.4,2.085,2.47,1.33,2.7,,1.7,,,2.4,,1.37,2.17,,,,,,,,,
2019-06-03,,4.4,6.93,8.05,,6.13,7.03,,5.8,,,7.37,6.93,5.87,5.63,4.83,5.53,6.77,,7.115,5.2,7.28,6.13,4.8,,9.28,5.07,,5.715,6.915,8.08,5.8,8.49,,5.67,,,9.83,2.72,6.53,8.49,,,,,,,,,
2019-06-04,,4.05,5.97,7.2,,5.97,6.46,,5.1,,,6.7,5.5,5.765000000000001,4.87,4.28,4.73,5.7,7.8149999999999995,6.3,4.385,6.4350000000000005,5.0,4.83,,9.28,4.57,,4.67,6.67,6.37,4.6850000000000005,7.42,,5.6,,,8.15,2.4,5.72,7.42,,,,,,,,,
2019-06-05,,6.9,10.2,11.05,,7.6325,8.25,,6.5,,,8.7,9.615,7.53,7.33,6.4,6.83,7.87,,8.28,6.83,9.6,7.8,7.37,,11.25,7.1,,7.13,7.8149999999999995,8.63,,10.55,,7.67,,,12.0,4.03,8.45,9.43,,,,,,,,,
2019-06-06,,10.66,14.17,16.66,10.915,10.315000000000001,11.65,,9.0,9.35,,12.47,12.715,10.885,10.93,8.69,8.28,10.85,,11.774999999999999,10.5,13.61,11.74,11.47,,16.52,11.43,,10.71,10.93,12.14,9.865,14.47,,10.83,,,16.215,10.4,10.95,15.015,,,,,,,,,
2019-06-07,,11.485,14.4,17.975,13.065000000000001,11.43,12.785,,9.73,9.684999999999999,,13.35,17.23,11.615,10.915,9.53,10.465,12.03,,12.899999999999999,10.78,15.215,13.3,12.47,,,12.65,,10.440000000000001,12.3,,11.85,14.17,,11.57,,,16.25,,11.5,16.335,,,,,,,,,
2019-06-08,,3.3600000000000003,5.25,5.97,3.7,4.09,4.3149999999999995,,3.65,2.97,,4.97,4.1,4.1,3.93,3.45,3.47,4.615,,4.635,3.6100000000000003,4.79,4.09,3.77,,,3.5,,3.62,4.1,,4.07,6.0,,4.24,,,6.33,,3.22,4.67,5.05,,,,,,,,
2019-06-09,,2.33,3.9,4.1,3.22,3.07,3.98,,3.4,2.5,,4.23,2.93,3.43,3.07,2.9,3.17,3.7,,4.1,2.85,3.51,3.13,2.73,,,2.77,,3.115,3.97,,2.83,4.47,,3.2,,,5.25,,2.5,4.58,3.75,,,,,,,,
2019-06-10,,2.8,4.37,5.09,3.67,3.43,4.33,,3.47,2.63,,4.77,3.07,3.83,3.27,2.76,3.2,3.77,,4.28,2.83,3.685,3.4,2.83,,,2.8,,3.34,4.385,,3.16,4.87,,3.43,,,5.53,5.3149999999999995,2.92,,4.12,,,,,,,,
2019-06-11,,3.27,4.67,4.33,,3.77,4.05,,3.33,2.97,,3.97,4.13,4.07,3.33,3.3,3.84,3.83,,4.2,3.025,3.98,3.37,2.57,,,3.1,,3.3,3.73,4.984999999999999,,5.9350000000000005,,4.3100000000000005,,,6.03,5.6850000000000005,3.55,,,,,,,,,,
2019-06-12,,1.7349999999999999,2.3,2.73,2.13,2.73,2.75,,2.57,2.57,,3.03,2.37,2.87,2.57,2.27,2.83,2.73,,2.43,2.135,2.185,2.17,1.53,,,2.1,,2.43,2.6,3.6,,3.77,,3.03,,,3.87,3.58,2.16,,3.0,,,,,,,,
2019-06-13,,16.25,23.085,21.335,,16.13,25.845,,15.9,14.885,,24.485,19.5,13.435,14.215,12.25,12.1,20.57,,21.83,14.025,21.85,24.77,14.5,,,18.8,,18.77,19.085,29.7,17.035,24.965,,19.37,,,31.974999999999998,30.27,16.25,,25.485,,,,,,,,
2019-06-14,,3.1,4.37,4.6,,3.4,4.1850000000000005,,2.93,2.9,,3.9,3.55,3.7,3.17,3.2,3.07,3.83,,4.9,2.95,3.83,4.33,3.67,,,3.1,,2.87,3.53,4.22,2.9850000000000003,5.13,,3.5,,,5.135,5.53,3.6,4.47,,,,,,,,,
2019-06-15,,1.98,2.97,3.47,,2.53,3.02,,2.47,1.83,,2.93,2.23,2.77,2.43,2.58,2.26,2.4,,3.02,2.35,2.58,2.2,2.5,,3.9,2.07,,2.2,2.63,2.95,,3.33,,2.43,,,3.55,3.5,,2.98,,,,,,,,,
2019-06-16,,1.9,3.075,3.72,,2.415,2.87,,2.2,1.77,,3.07,2.285,2.73,2.47,,2.27,2.57,,2.87,2.35,2.965,2.1,2.13,2.23,3.62,1.9,,2.3,3.0,3.0,,3.5,,2.53,,,3.6225,3.25,1.85,2.85,,,,,,,,,
2019-06-17,,1.9,2.43,4.27,,2.8,3.6,,2.97,2.13,,3.93,2.37,2.87,2.63,,2.4,2.73,,3.33,2.33,2.84,2.33,,2.7,3.72,1.93,,2.53,3.73,3.71,,3.47,,2.6,,,3.85,3.45,2.92,3.95,,,,,,,,,
2019-06-18,,4.1,6.17,7.47,,5.3,6.17,,5.23,4.0,,6.93,5.07,5.13,5.215,4.45,4.7,5.33,,6.17,4.72,5.984999999999999,5.37,,5.47,7.75,4.37,,5.1,6.2,7.05,,7.78,,4.87,,7.125,8.25,7.3,4.83,,6.725,,,,,,,,
2019-06-19,,3.87,6.05,7.05,,4.83,5.42,,4.53,3.6,,5.83,4.63,4.72,4.67,4.0,4.33,4.63,,5.25,4.2,5.75,4.53,,4.73,7.765000000000001,3.85,,4.35,5.3,5.4,,6.45,,4.7,,5.65,7.3149999999999995,6.1,4.33,6.08,5.28,,,,,,,,
2019-06-20,,6.3149999999999995,8.43,10.43,,6.73,6.87,,5.965,5.2,,8.47,9.3,6.6,6.63,5.6,6.1850000000000005,7.13,,7.72,6.28,,7.65,,7.6850000000000005,11.18,6.6,,6.34,7.75,7.8,,8.85,,6.13,,8.88,9.58,8.59,7.92,9.48,8.05,,,,,,,,
2019-06-21,,1.77,2.63,3.22,,2.37,2.92,,2.37,1.67,,3.115,2.2,2.53,2.4,2.27,2.37,2.53,,2.785,2.35,,2.33,,2.33,3.7,2.0,,2.33,2.77,3.35,,3.125,,2.43,,2.9,3.67,3.46,2.035,3.3600000000000003,3.52,,,,,,,,
2019-06-22,,1.03,1.5,2.2,,1.57,2.02,,2.23,1.2,,2.3,1.63,1.83,1.4,1.4,1.37,1.815,,2.025,1.6,,1.4,,1.4,2.27,1.12,,1.5150000000000001,2.23,2.65,,1.885,,1.73,,1.83,2.55,2.25,1.15,2.315,2.17,,,,,,,,
2019-06-23,,1.4,2.33,2.92,,2.27,2.83,,2.47,1.83,,2.9,1.93,,1.97,1.94,2.13,2.43,,2.57,2.08,,1.73,2.03,2.03,3.17,1.8,,2.17,2.83,,,2.83,,2.33,,2.63,3.27,3.0,1.57,2.85,2.77,,,,,,,,
2019-06-24,,1.33,2.185,2.6,,2.07,2.2,,1.73,1.43,,2.43,2.43,,2.07,1.77,1.9,2.07,,2.3,1.86,,1.41,1.5,2.3,2.1,1.43,,1.8250000000000002,2.37,2.42,,2.8600000000000003,,2.17,,2.01,3.25,2.47,1.7850000000000001,2.7,,,,,,,,,
2019-06-25,,1.35,2.37,3.21,,2.8,2.55,,1.97,1.67,,3.03,2.83,,2.1,1.75,2.25,2.47,,2.9,2.02,,1.6,1.415,3.33,2.9,1.4,,2.13,3.07,2.72,,3.27,,2.53,,,3.92,2.815,2.42,,3.1,,,,,,,,
2019-06-26,,4.8,9.23,14.8,,7.47,11.5,,5.8,6.03,,12.5,8.63,,7.17,6.07,6.015000000000001,7.835,,8.73,6.72,,6.449999999999999,6.37,11.1,11.73,5.57,,9.4,9.53,15.2,,8.8,,11.64,,,12.315,9.6,8.03,,10.08,,,,,,,,
2019-06-27,,1.73,2.27,2.4,,1.7850000000000001,2.71,,2.43,1.5,,2.37,1.53,,2.13,2.27,2.3,1.9,,2.53,1.72,,1.97,1.8,2.585,1.95,1.33,,2.13,1.93,,,2.925,,1.8,,,2.47,2.5,1.55,3.0,,,,,,,,,
2019-06-28,,1.15,1.63,2.21,,1.47,2.2,,1.67,1.17,,2.1,1.27,,1.6,1.33,1.8,1.685,,1.82,1.37,,1.37,1.27,1.77,1.85,1.07,,1.6,1.8,,,2.0,,,,,2.135,1.85,1.12,,1.77,,,,,,,,
2019-06-29,,2.25,3.6,4.22,,3.2,3.67,,3.0,2.33,,3.97,2.73,3.4,3.13,2.63,2.7,3.285,,3.47,2.8,,2.87,3.0475,3.07,4.45,2.5,,2.87,3.53,,,4.07,,,,3.43,4.7,4.0649999999999995,2.45,4.2,3.52,,2.4,,,,,,
2019-06-30,,3.26,5.4,5.72,,4.47,5.3,,4.47,3.63,,5.57,4.73,4.4,4.5,3.9,4.28,4.9,,5.28,4.25,,4.45,4.27,4.7,6.22,4.17,,4.5,5.3,,,6.47,,,,5.4,7.37,6.17,3.7,,5.25,,3.6,,,,,,
2019-07-01,,4.13,4.67,6.28,,4.43,5.7,7.93,4.7,4.03,5.03,6.35,4.83,4.5,4.385,4.08,4.57,4.87,,5.5,4.135,,5.58,4.2,,7.074999999999999,4.015000000000001,,4.62,6.17,,,5.984999999999999,,4.57,,,7.17,6.97,4.9350000000000005,6.85,,,4.17,,,,,,
2019-07-02,,1.55,2.4,2.715,,2.33,3.25,3.13,2.6,2.13,2.57,3.1,1.9,2.9,2.07,2.22,2.33,2.65,,3.03,1.8,,2.33,,,2.43,2.0149999999999997,,2.33,2.5,,,3.07,,2.42,,,3.62,3.25,1.85,,1.99,,2.0,2.0,,,,,
2019-07-03,,1.1,1.47,2.0,,1.3,2.0,1.87,1.3675000000000002,,1.7,1.77,1.23,1.7,1.1,1.1,1.27,1.33,,1.93,1.0,,1.23,,,1.92,1.0,,1.03,1.67,,,2.17,,1.53,,1.6,1.66,2.22,1.27,,1.2075,,0.88,,,,,,
2019-07-04,,1.185,1.5150000000000001,1.9,,1.3,1.85,2.63,1.4,,1.6,1.8,1.57,1.63,1.03,1.17,1.3,1.4,,2.47,1.0,,1.17,,1.4,2.47,0.85,,1.0,1.77,,,1.83,,1.885,,1.63,2.0,2.55,1.72,1.42,1.35,,,,,,,,
2019-07-05,,1.0,1.13,1.2,,1.17,1.75,1.43,1.1,1.1,1.1,1.47,0.87,1.37,1.03,0.9,0.9,1.1,,1.45,0.9,,1.17,,1.0750000000000002,1.3,0.7,,1.13,1.2,,,1.55,,1.33,,,1.435,1.62,0.7175,1.47,1.25,,,1.03,,,,,
2019-07-06,,0.95,1.17,1.6,,1.2,1.45,1.4,1.17,,1.05,1.5,1.0,1.4,1.1,1.0,0.93,1.17,,1.3,1.0,,1.1,,1.1,1.32,0.95,,1.03,1.2,,,1.83,,,,,1.67,1.62,0.7,1.55,1.2,,,1.1,,,,,
2019-07-07,,1.5,2.33,2.2,,1.7850000000000001,2.85,2.23,2.0,,1.9,2.07,1.7149999999999999,1.97,1.8,1.62,1.8,1.8,,2.33,1.8,,2.0,,2.0,1.75,1.7,,1.63,1.5,,,3.03,,,,,2.85,2.6,1.37,2.22,2.25,,,1.87,,,,,
2019-07-08,,1.32,2.17,2.23,,1.7,2.65,2.0,2.2,1.47,1.93,2.1,1.4,2.1,1.87,2.03,1.77,1.73,,2.27,1.57,,1.73,1.6,2.17,1.8,1.35,,1.75,1.87,,,2.6,,,,,2.42,2.4,1.3,2.46,2.315,,,1.7,,,,,
2019-07-09,,3.53,6.03,5.97,,5.07,8.43,5.715,5.1850000000000005,4.6,5.385,6.615,4.4,5.53,4.8,4.73,4.47,5.3,,5.63,4.5,,5.03,3.93,5.3149999999999995,4.67,4.484999999999999,,4.9,5.1850000000000005,,,7.77,,,,7.77,7.975,6.7,4.54,7.0,6.92,,4.58,5.3,,,,,
2019-07-10,,2.01,3.5,3.2350000000000003,,2.83,4.28,3.27,3.115,2.4,3.2,3.23,2.4,3.03,3.0,2.8600000000000003,2.72,2.97,,4.13,2.37,,2.57,2.57,3.2,3.09,2.2,,2.57,2.63,,,4.275,,,,2.95,4.05,3.6,2.3,3.935,3.0,,2.33,2.77,,,,,
2019-07-11,,2.99,4.97,5.0,,3.8,5.6,3.83,3.57,3.23,4.13,4.6,3.57,3.97,3.73,3.52,3.27,4.0,,4.78,3.35,,3.95,3.57,4.13,4.3,3.315,,3.5,3.57,,,5.7,,,,4.23,5.87,5.2,3.12,5.0,4.15,,2.92,3.885,,,,,
2019-07-12,,3.7,5.77,6.640000000000001,,4.9,5.9,4.67,3.8,4.17,5.07,6.199999999999999,4.5,4.53,4.23,4.08,3.98,4.97,,5.53,4.45,,4.585,4.1,4.8,6.265000000000001,3.45,,4.27,5.13,,,6.67,,4.95,,5.5,7.0,6.6,4.05,5.85,,,3.565,4.93,,,,,
2019-07-13,,3.285,4.73,5.54,,4.15,4.2,4.4,3.27,3.23,4.0,4.57,3.77,4.07,3.73,3.67,3.55,4.135,,4.73,3.565,,4.37,3.7,4.4,5.609999999999999,3.27,,3.3,3.97,,,5.585,,4.0,,4.12,6.33,,3.55,4.83,,,2.95,4.12,,,,,
2019-07-14,,1.885,2.9,3.2,,2.2,2.83,2.23,2.09,1.9,2.1,2.75,2.1,2.6,2.2,2.05,2.1,2.3,,2.76,2.17,,2.43,2.07,2.2,3.3,1.82,,2.05,2.37,3.1,,2.9,,2.315,,2.47,3.21,,1.57,2.635,,2.59,1.65,2.4,,,,,
2019-07-15,,2.9,4.17,5.23,,3.47,4.25,3.57,3.2,2.97,3.7,4.77,3.05,3.43,3.4,3.12,2.75,3.5,,4.33,3.2,,3.7,3.1,3.57,4.37,3.0,,,3.73,5.1850000000000005,,4.9,,3.375,,4.47,5.12,,3.0,4.47,,3.65,2.965,3.45,,,,,
2019-07-16,,1.3,1.9,2.34,,1.615,2.1,1.9,1.33,1.2149999999999999,1.83,2.27,1.23,1.47,1.43,1.53,1.4,1.67,,2.23,1.52,,1.57,1.35,1.7,2.17,1.1,,1.53,2.0,2.67,,2.4,,1.8,,1.63,2.27,,1.4849999999999999,2.17,,1.67,1.27,1.6,,,,,
2019-07-17,,2.83,4.949999999999999,4.83,,3.93,3.965,4.050000000000001,2.73,3.13,3.91,4.27,3.53,,3.37,3.4,3.2,3.35,,4.53,3.2,,3.62,2.3,4.085,5.359999999999999,2.17,,3.3,3.685,4.34,,5.77,,4.18,,4.07,5.875,5.359999999999999,3.08,4.6,,4.41,2.745,3.67,,,,,
2019-07-18,,2.5,3.925,4.47,,3.4,3.35,,2.21,2.5,2.97,3.63,3.4850000000000003,,2.9,2.8,2.77,2.9,,3.8600000000000003,2.72,,3.1,2.685,3.4,4.55,2.45,,2.77,3.93,3.7,2.77,4.2,,3.27,,,5.0,4.140000000000001,2.65,3.85,,,2.1100000000000003,3.0,,,,,
2019-07-19,,2.5,3.7,4.97,,3.13,3.42,3.17,2.3,2.63,2.92,4.115,3.07,,2.77,2.7,2.47,3.13,,3.97,2.67,,2.87,2.7,3.1,4.53,2.5,,2.87,3.73,4.03,,4.2,,3.29,,,4.85,4.22,2.47,3.35,,,,2.95,,,,,
2019-07-20,,1.82,2.8925,3.12,,2.45,2.2,2.27,1.7,1.83,2.05,2.45,2.6,,2.3,2.02,1.9,2.37,,2.6,2.3,,2.22,2.3,2.33,2.91,1.9,,2.07,2.215,3.09,,3.175,,2.4,,,3.72,2.87,1.85,2.33,,2.42,,2.12,,,,,
2019-07-21,,3.47,6.27,6.58,,4.3,5.195,,2.97,3.87,5.03,5.87,5.015000000000001,,4.0,3.6100000000000003,3.62,4.05,,5.37,3.83,,3.98,4.1,4.6,8.3,3.8,,4.03,5.17,4.83,,7.17,,4.63,,,7.51,6.3,4.03,4.97,,4.66,,3.98,,,,,
2019-07-22,,4.525,5.465,7.25,,4.515000000000001,5.53,,4.3,3.93,4.7,6.17,4.7,,5.07,4.1,4.0,4.83,,7.05,4.62,,5.75,4.87,4.9,6.47,4.4,,4.75,5.37,,,6.125,,4.83,,5.57,6.775,6.65,4.35,6.45,,6.42,,5.03,,,,,
2019-07-23,,1.72,2.13,2.7,,1.8,2.3,2.17,1.45,1.57,2.0,2.23,1.53,,1.8,1.8,1.67,1.83,,3.03,1.7,,1.96,1.87,2.03,2.52,1.7,,1.6,1.915,2.5,,2.6399999999999997,,2.13,,2.4,2.46,2.67,1.62,2.02,,1.98,,1.75,,,,,
2019-07-24,,1.7,2.5,2.8,,2.07,2.22,2.0,1.47,1.6,1.8,2.215,1.87,,1.9,1.8,1.74,1.9,,2.47,1.72,,1.82,1.7,2.3,2.6,1.67,,1.73,1.97,2.3,,2.65,,2.2,,2.07,2.9,2.435,1.5,2.05,,2.0,,1.82,,,,,
2019-07-25,,2.3,3.0,3.75,,2.58,2.6,,1.8,1.77,2.4,2.87,2.6,,2.47,2.27,2.1,2.13,,3.0,2.3,,2.35,1.9,2.6399999999999997,3.45,2.0,,2.37,2.5,2.8,,3.5,,2.63,,2.02,3.37,3.065,2.05,,,,,2.4975,,,,,
2019-07-26,,3.27,4.75,5.675000000000001,,4.0,4.25,3.4850000000000003,3.03,3.17,3.43,4.07,4.67,,3.8,3.58,3.3600000000000003,3.27,,4.17,3.6,,3.67,3.1,4.4,5.35,2.9,,3.4400000000000004,3.53,3.77,,4.72,,4.07,,,5.6,4.6,3.12,,,,,4.15,,,,,
2019-07-27,,7.83,10.48,11.9,,7.3,7.71,7.515000000000001,5.77,7.0,7.97,8.585,7.83,,8.0,7.0,6.12,7.53,,8.25,7.08,,8.365,7.63,8.35,10.72,7.4,,7.3,6.63,9.15,,10.8,,8.015,,,11.5,10.31,7.85,,,,,7.87,,,,,
2019-07-28,,7.734999999999999,10.03,12.78,,7.46,7.42,7.449999999999999,5.93,6.53,7.55,8.83,7.9,,8.03,6.87,6.15,7.47,,8.465,7.53,,8.35,7.33,8.33,10.63,7.45,,7.6,6.73,9.05,,10.93,,7.6,,,10.85,9.465,7.35,,,,,8.25,,,,,
2019-07-29,,5.17,8.915,8.615,,6.73,7.41,7.5,5.57,5.9,6.77,7.73,7.03,,6.33,5.9350000000000005,5.42,6.615,,7.97,6.28,,6.45,5.7,,7.62,6.27,,6.25,6.97,,,9.93,,6.8,,,10.6,8.915,5.67,,,,,6.83,,,,,
2019-07-30,,1.65,2.7,2.5,,2.4,2.83,2.77,2.23,2.07,2.27,2.77,2.03,2.43,2.2,2.24,2.13,2.4,,2.615,2.1,,1.97,2.0149999999999997,,1.87,1.9,,2.17,2.37,3.47,,3.37,,2.62,,2.63,3.85,,1.7,,,,,2.5,,,,,
2019-07-31,,1.62,2.87,2.83,,2.6,3.185,3.17,2.63,2.17,2.5,3.07,2.1,2.6,2.5,2.3600000000000003,2.4,2.73,,3.0,2.17,,2.27,,,2.15,2.33,,2.4,2.67,3.77,,3.53,,2.6,,3.0,3.87,,1.85,3.6950000000000003,,,,2.55,,,,,
2019-08-01,,4.17,6.9,6.58,,5.4,6.1,5.33,4.7,4.7,5.47,6.13,4.9,4.949999999999999,5.03,4.7,4.47,5.13,,6.3,4.85,,5.83,,,5.7,4.8,,4.66,5.33,6.83,,7.6,,5.0,,6.1,8.0,,4.45,,,,,5.6,,,,,
2019-08-02,,4.78,7.6,8.94,,6.67,7.0,6.67,5.07,5.725,6.57,8.4,6.63,5.77,6.03,5.42,5.37,6.57,,7.28,5.77,,6.67,,,8.43,5.55,,5.5,7.57,8.7,,9.13,,6.07,,7.47,9.85,,5.87,,,,5.05,6.83,,,,,
2019-08-03,,2.3,3.7,3.95,,3.615,3.55,3.37,2.63,2.8,3.725,3.585,2.93,3.23,3.0,2.87,3.185,2.97,,3.53,2.95,,3.23,,,3.12,2.53,,2.73,3.0,4.17,119.36500000000001,5.275,,4.7,,3.25,5.05,,2.66,,,3.77,2.3,3.53,,,,,
2019-08-04,,2.33,3.93,4.3,,3.3,3.75,3.43,2.83,2.6,3.23,4.03,2.8,3.2,2.97,2.7,2.77,3.3,,3.77,3.1,,3.23,2.8,,3.98,2.5,,2.9,3.4,4.65,,4.7,,3.33,,3.57,5.015000000000001,,2.47,,,,2.45,3.43,,,,,
2019-08-05,,3.5599999999999996,6.37,6.885,,5.43,6.015000000000001,5.6,4.4,4.37,5.97,6.53,5.085,4.72,4.67,4.37,4.7,5.07,,6.67,4.35,,5.9,4.53,,7.62,4.07,,4.25,5.53,6.1,,7.57,,5.37,,6.8,9.015,,4.8,,,,3.5,5.13,,,,,
2019-08-06,,5.03,7.47,8.95,,6.97,7.42,6.715,5.33,5.33,6.7,7.7,6.83,5.93,5.83,5.385,5.78,6.43,,8.3,5.75,,8.37,5.949999999999999,,10.25,,,5.53,6.8149999999999995,7.83,,8.55,,6.050000000000001,,9.57,10.18,,6.15,,,7.375,4.765000000000001,6.67,,,,,
2019-08-07,,4.3149999999999995,7.5,9.55,,6.8,8.5,6.885,6.07,5.83,7.085,9.23,6.585,5.73,6.17,5.12,5.5,6.8,,8.774999999999999,6.05,,7.03,5.77,,9.85,,,6.7,8.13,9.53,,8.95,,6.43,,8.93,11.22,,6.25,,,,5.58,6.640000000000001,,,,,
2019-08-08,,4.37,7.5,7.53,,5.77,6.42,6.33,4.67,4.47,7.135,7.13,5.47,5.1,4.67,4.97,4.92,5.07,,8.4,4.635,,6.23,5.27,,9.68,,,5.285,5.6,6.87,,8.73,,5.63,,8.13,8.9,,5.425,,,6.53,,5.42,,,,,
2019-08-09,,,7.7,8.1,,6.135,6.2,,4.77,4.47,8.715,7.4,5.550000000000001,4.9,5.035,5.53,4.97,5.2,,7.8,,,,4.83,,8.615,,,5.33,5.57,7.0,,9.850000000000001,,5.18,,,8.815000000000001,,6.67,,,,,6.13,,,,,
2019-08-10,,4.484999999999999,8.43,9.5,,6.03,8.38,7.37,6.23,5.5,7.07,8.8,6.8,5.63,5.7,5.175000000000001,5.225,6.65,,7.7,,,7.515000000000001,6.0,,10.5,5.585,,6.83,6.43,10.1,657.63,9.05,,6.9,,8.47,10.565000000000001,,5.4399999999999995,,,6.984999999999999,,6.449999999999999,,,,,
2019-08-11,,5.85,8.815000000000001,10.5,,7.4,10.45,9.17,8.97,7.07,8.475000000000001,10.15,8.485,7.13,7.13,6.58,6.78,8.965,,9.53,,,11.8,7.53,,11.73,,,8.4,9.4,12.485,502.57,10.5,,9.07,,10.97,12.615,,7.6,,,8.85,,7.6,,,,,
2019-08-12,,4.265000000000001,6.97,7.57,,6.33,7.37,7.23,6.1,5.47,6.13,7.4,6.33,5.5,5.4,5.175000000000001,5.71,5.93,,7.1,,,6.43,5.23,,9.3,,,5.23,6.53,8.0,,8.69,,5.95,,,11.085,,5.25,7.47,,6.85,4.693333333333333,5.33,,,,,
2019-08-13,,2.55,4.83,5.1850000000000005,,4.050000000000001,4.91,4.97,4.07,3.53,4.26,5.0,4.035,3.83,3.7,3.52,3.8,3.93,,5.4,,,4.3,3.47,,6.53,3.23,,3.6,4.73,4.92,,5.97,,4.23,,,6.75,,3.58,,,4.65,3.0500000000000003,3.72,,,,,
2019-08-14,,1.8,3.17,3.96,,2.93,3.47,3.47,2.97,2.63,3.27,4.13,2.57,3.03,2.63,2.62,2.6,3.4,,4.63,,,2.93,2.47,,4.62,2.2,,2.785,3.87,3.95,,3.9850000000000003,,3.15,,,4.62,,2.83,4.75,,4.0,2.3266666666666667,2.6,,,,,
2019-08-15,,2.22,3.53,4.26,,3.23,3.8,4.1,3.0,2.65,3.4,4.0,2.8,3.1399999999999997,2.83,2.77,2.83,3.6,,4.53,,,3.125,2.7,,4.9,2.35,,2.77,3.73,3.975,,4.3,,3.1,,3.6,4.87,,2.8,,,3.5,2.33,2.9,,,,,
2019-08-16,,3.575,7.13,7.37,,6.57,6.6,6.13,5.33,5.13,5.42,6.8,6.93,5.1,5.33,4.33,4.95,6.13,,7.3,,,5.775,5.43,,8.8,4.83,,4.97,6.0,7.385,,7.96,,5.8149999999999995,,7.015000000000001,9.13,7.54,5.84,,6.93,5.72,4.225,5.45,,,,,
2019-08-17,,3.33,6.13,6.62,,5.2,5.85,6.2,4.6850000000000005,4.37,4.93,6.2,5.03,4.3,4.9,4.22,4.45,5.4,,6.0,,,5.43,4.93,,,4.47,,4.73,5.5,7.22,,7.13,,5.03,,6.7,8.25,7.1,4.5,,6.215,,4.003333333333334,4.77,,,,,
2019-08-18,,4.83,8.9,9.14,,6.43,8.48,7.07,6.0,5.3149999999999995,7.03,8.05,6.47,5.47,6.0,5.28,5.5,6.47,,8.05,,,7.97,7.9,,,7.07,,6.4,6.33,9.68,,9.53,,6.5,,10.27,10.79,10.28,6.0,,8.4,,4.885,6.23,,,,,
2019-08-19,,2.83,4.97,5.87,,4.515000000000001,5.75,5.35,4.67,3.77,4.97,6.17,4.13,4.13,4.0,3.8,4.05,4.77,,6.03,,,4.87,3.77,,6.33,3.83,,,5.6,6.859999999999999,,6.1,,4.87,,5.9,8.38,7.0,3.85,,6.3,,,4.07,,,,,
2019-08-20,,4.265000000000001,7.17,7.79,,6.37,7.6,7.5,6.33,5.4,6.63,7.7,6.8,5.449999999999999,5.57,4.87,5.575,6.57,,7.3,,,6.73,5.0,,,4.8,,5.63,7.285,7.91,,8.385,,6.16,,7.93,10.95,8.35,5.67,,7.13,,4.739999999999999,5.57,,,,,
2019-08-21,,2.77,5.27,5.83,,4.415,5.635,5.9,4.37,3.93,5.515000000000001,5.8,4.13,4.2,3.73,3.685,3.92,5.1,,6.25,,,4.37,3.47,,7.37,3.53,,4.03,5.33,5.75,,6.27,,4.47,,5.8149999999999995,7.2,6.515000000000001,4.78,,5.37,,3.393333333333333,3.97,,,,,
2019-08-22,,3.5,6.07,7.2,,5.07,6.92,6.83,5.5,4.73,5.33,6.9,5.13,4.83,4.785,4.359999999999999,4.58,6.13,,6.615,,,5.37,3.1,,8.13,4.17,,5.6,6.63,,,7.27,,5.1899999999999995,,6.63,8.83,7.42,5.385,,6.47,,4.439166666666667,5.03,,,,,
2019-08-23,,3.56,6.7,7.8,,5.37,7.17,6.5649999999999995,5.97,5.0,6.0,8.0,5.4,,5.47,5.015000000000001,5.4,6.085,,7.4,,,6.715,,,8.73,4.9,,5.7,,,,7.97,,6.33,,,9.925,8.3,5.37,,7.63,,4.9925,5.65,,,,,
2019-08-24,,,,,,,,,,,,,,,,,,,,,,,,,,,,,,,,,,,,,,,,,,,,,,,,,,
2019-08-25,,7.05,12.1,11.915,,9.55,11.56,10.17,7.4,8.03,9.9,11.95,10.3,,8.3,6.5,7.4350000000000005,9.67,,11.0,,,10.7,6.17,9.3,14.04,8.73,,8.93,,12.18,,13.3,,8.75,,,15.4,,8.83,,12.23,,6.8149999999999995,8.705,,,,,
2019-08-26,,6.6,10.93,10.82,,7.37,8.15,8.23,6.3,6.7,8.6,9.47,7.67,,6.93,6.0,6.42,8.27,,9.215,,,7.87,4.03,,12.379999999999999,6.24,,7.53,8.77,8.98,,11.535,,6.53,,,12.64,12.1,8.55,,9.2,,5.75,7.37,,,,,
2019-08-27,,7.3149999999999995,11.14,12.35,,9.3,9.14,9.07,6.63,7.43,8.38,10.3,9.8,7.83,7.37,6.47,7.17,8.73,,10.0,,,8.43,4.2,,13.48,6.6,,7.78,9.0,11.22,,13.43,,7.67,,,14.75,11.93,10.15,,10.2,9.23,6.523333333333333,8.47,,,,,
2019-08-28,,7.87,12.43,12.95,,9.73,9.805,9.8,6.87,7.87,8.63,10.9,11.5,8.13,,7.4,7.97,9.5,,10.28,,,9.28,5.33,,13.62,8.4,,8.77,9.7,11.93,,13.32,,8.3,,,15.58,12.1,10.03,,11.19,,7.514166666666667,8.9,,,,,
2019-08-29,,12.82,17.67,18.82,,12.93,15.7,14.17,9.63,11.515,14.26,17.1,16.53,11.43,,10.665,10.98,12.93,,15.915,,,17.17,,,21.36,,,12.2,12.9,17.27,,17.825000000000003,,12.33,,18.43,20.55,17.73,13.78,,,,10.975833333333334,13.47,,,,,
2019-08-30,,2.685,4.2,5.79,,4.25,4.765000000000001,4.965,3.77,3.77,4.63,5.37,3.9,3.975,,3.62,3.55,4.97,,5.72,,,3.87,,4.1,5.635,3.2,,3.77,5.17,5.4,,5.13,,4.17,,4.4,6.7,5.78,3.72,,,,3.275,3.97,5.83,,,,
2019-08-31,,3.59,6.1,6.859999999999999,,5.03,5.515000000000001,5.5,4.484999999999999,3.915,5.27,6.17,4.885,4.57,,4.17,4.515000000000001,5.27,,5.449999999999999,,,5.5,3.3,4.97,7.33,3.95,,4.4,5.47,5.8,,6.37,,4.9399999999999995,,5.9,7.6025,6.58,4.4,,,,3.5216666666666665,5.04,6.885,,,,
2019-09-01,,8.8,13.0,14.65,,10.57,11.1,10.93,9.33,8.9,9.77,12.1,11.7,8.55,,8.53,8.3,10.565,,11.73,,,14.015,8.47,10.53,15.615,9.43,,9.3,9.63,11.8,,14.965,,9.43,,13.73,16.05,,9.38,,,11.12,8.489166666666666,11.165,12.75,,,,
2019-09-02,,2.285,3.7,4.775,,3.67,4.58,5.33,3.8,3.67,3.91,4.93,3.35,3.7,3.4,3.185,3.17,4.27,,5.23,,,4.17,1.9,,5.75,3.025,,3.63,4.9,6.7,,4.77,,3.67,,3.67,5.66,,3.9,,3.52,,2.9375,3.47,5.1850000000000005,,,,
2019-09-03,,2.05,3.93,4.9,,4.13,4.55,4.77,3.5,3.17,3.43,4.73,4.0,3.53,3.6,2.935,3.3,5.050000000000001,,3.77,,,3.8,2.4,4.13,5.475,2.87,,3.17,4.73,4.7,,5.0,,4.0,,,6.484999999999999,,3.7,,4.535,,2.9791666666666665,3.285,6.53,,,,
2019-09-04,,1.4,2.57,3.3,,3.27,3.385,3.3,2.47,2.23,2.9,3.2,2.7,2.97,2.4,1.85,2.0,3.57,,3.25,,,2.23,1.5150000000000001,,4.12,1.6,,2.35,3.03,,,3.0149999999999997,,2.57,,,4.03,,2.59,,2.63,2.72,2.1291666666666664,2.315,3.25,,,,
2019-09-05,,2.12,3.57,4.55,,6.4,4.1850000000000005,4.15,3.17,2.83,3.3,4.33,3.27,3.13,3.13,2.72,2.84,4.3,,5.0,,,4.13,2.2,,5.135,2.33,,2.73,4.03,4.16,,4.27,,3.53,,,5.47,4.85,3.035,,4.2,3.02,2.4316666666666666,3.07,5.67,,,,
2019-09-06,,1.21,2.13,2.87,,5.0,2.9,2.97,2.0,1.9,2.43,2.87,1.9,2.07,1.8,1.77,2.0,2.87,,3.03,,,2.13,1.3,,,1.4,,1.83,2.47,2.535,,2.87,,2.25,,,3.58,2.92,2.065,,2.43,2.1,1.63,1.8,2.62,,,,
2019-09-07,,2.53,4.17,4.67,,6.4,4.55,5.0,3.67,3.2,3.715,4.67,3.53,3.33,3.4,3.285,3.33,4.77,,4.57,,,4.27,2.93,,5.95,3.43,,,4.5,5.15,,5.13,,3.87,,4.785,6.55,5.72,3.46,,4.27,4.35,3.075,3.8,5.33,,,,
2019-09-08,,3.52,6.17,6.449999999999999,,6.93,6.12,6.07,4.57,4.57,5.885,6.73,5.015000000000001,4.2,,4.28,4.2,5.87,,5.865,,,4.83,3.67,,,4.5,,5.1,5.67,9.89,,7.13,,6.6850000000000005,,,8.705,8.05,4.75,,6.4,5.78,5.053333333333334,4.8,6.734999999999999,,,,
2019-09-09,,,10.2,12.184999999999999,,11.785,10.25,6.5,5.53,7.1,10.605,16.5,6.3,6.03,,5.28,5.55,12.13,,9.27,,,8.8,7.43,,10.23,8.97,,8.27,8.23,,,9.1,,11.01,,11.9175,17.125,12.58,6.65,,8.93,,5.425,6.63,8.6,,,,
2019-09-10,,13.1,19.15,19.43,,16.37,16.21,15.6,12.67,12.53,14.435,17.67,17.65,11.7,13.33,11.34,10.29,16.07,,17.4,,,16.14,12.25,,21.33,13.83,,14.0,13.93,,,22.0,,13.03,,,25.25,20.2,14.475,,18.27,14.93,13.39,15.7,17.41,,,,
2019-09-11,,3.065,5.5,6.4,,7.465,6.015000000000001,5.4,4.35,4.03,5.43,7.07,3.8,4.0,4.13,,3.8,6.57,,5.6,,,4.715,3.63,,6.55,3.77,,4.67,4.9,8.98,,6.33,,4.95,,,8.08,7.21,3.62,,5.93,4.47,3.4791666666666665,4.23,5.015000000000001,,,,
2019-09-12,,3.83,5.615,6.4,,6.5,6.25,7.03,5.37,4.57,5.55,6.615,5.1,4.83,4.7,4.54,4.33,6.33,,6.6,,,6.3,3.8,,,4.03,,4.65,6.43,6.87,,6.73,,5.0,,7.0,8.75,7.765000000000001,5.47,,6.23,6.29,4.71,4.83,7.015000000000001,,,,
2019-09-13,,1.8,2.23,3.37,,5.07,3.285,3.27,2.93,2.57,3.13,3.33,2.1,2.5,2.4,2.035,2.5374999999999996,3.83,,3.1,,,3.17,1.57,,2.45,2.07,,2.67,3.6,3.8,,2.97,,2.5149999999999997,,3.27,3.9,3.685,,,2.93,3.05,2.3150000000000004,2.35,2.77,,,,
2019-09-14,,,1.67,2.63,,4.53,2.87,2.65,1.97,1.8,2.6,2.685,1.9,2.23,1.97,1.75,1.98,2.33,,2.6,,,1.87,1.3,,2.58,1.45,,1.8,2.8,2.83,,2.43,,2.22,,2.13,3.05,2.72,,,2.3,2.27,1.6333333333333335,1.93,2.35,,,,
2019-09-15,,3.37,4.9,5.63,,5.8,6.16,6.57,5.47,4.23,4.97,6.53,4.8,4.67,4.33,4.37,4.4,5.449999999999999,,5.0,,,6.07,3.8,,6.72,3.8,,4.87,6.6,7.62,,6.43,,4.77,,7.5,9.26,7.42,,,6.5,5.885,4.489999999999999,4.83,6.9,,,,
2019-09-16,,0.63,0.77,1.13,,3.9,1.98,1.53,1.3,0.9,0.97,1.33,0.7,1.2,0.73,0.67,0.7,1.3,,1.17,,,1.0,0.8,,,,,1.03,1.23,1.62,,1.23,,1.12,,,1.25,1.07,1.52,,1.15,1.07,0.85,0.8,1.1,,,,
2019-09-17,,,2.05,1.97,,4.2,2.52,2.33,2.37,1.37,1.73,2.2,1.33,1.87,1.5,1.6,1.97,2.13,,2.17,,,1.53,1.23,,,1.03,,1.5,1.93,2.4850000000000003,,2.7,,1.83,,1.93,2.76,2.26,1.57,,1.95,2.33,1.5,1.6,2.42,,,,
2019-09-18,,,1.35,1.73,,4.215,2.535,2.03,2.315,1.43,1.53,,1.23,,1.47,1.33,,1.53,,1.9,,,1.63,1.07,,1.66,0.87,,1.47,1.63,2.37,,2.07,,1.58,,,2.25,1.9,1.27,,1.7,1.6,1.4100000000000001,1.53,1.7,,,,
2019-09-19,,,2.1,2.5,,4.2,3.1,3.13,2.53,1.87,2.93,,1.4,,1.97,,2.47,2.1,,2.63,,,2.2,,,2.33,1.07,,2.03,2.53,3.47,,2.83,,1.8,,,2.9,2.75,2.6950000000000003,,2.37,2.7,2.1100000000000003,2.0,3.6,,,,
2019-09-20,,,2.2,2.3,,4.5,2.3,2.63,1.7,1.33,2.53,,2.0,1.97,1.37,,,2.17,,3.27,,,1.815,,,3.1,1.2,,1.23,2.27,2.1,,2.8,,1.95,,,3.3,3.08,2.25,,1.85,2.35,1.2833333333333334,1.3,2.965,,,,
2019-09-21,,,2.37,2.87,,5.2,3.05,2.73,2.37,2.17,3.5,,1.7,2.27,2.1,1.97,2.1,2.33,,2.67,,,2.03,,,3.15,1.53,,2.13,2.6,,,2.83,,2.53,,2.77,3.45,3.01,1.9,,2.65,2.4850000000000003,1.98,2.27,2.52,,,,
2019-09-22,,1.2,2.0,2.285,,4.53,2.33,2.73,1.93,1.6,2.25,,1.47,1.8,1.3,2.07,1.73,2.2,,2.03,,,1.97,,,1.7149999999999999,1.17,,1.83,2.0,,,3.2,,2.12,,1.83,2.92,2.59,2.05,2.1,2.67,,1.4900000000000002,2.33,2.22,,,,
2019-09-23,,1.4,2.2,2.43,,4.77,1.65,,1.43,1.13,1.73,,1.53,1.57,1.33,1.67,1.5,1.73,,1.83,,,1.43,,,2.07,0.7,,1.43,2.07,1.85,,3.47,,1.52,,,2.72,2.435,2.15,,2.33,,1.235,1.53,2.33,,,,
2019-09-24,,,,,,,,,2.43,2.03,,3.6,,,2.43,2.2,,3.085,,3.45,,,,,,,1.53,,,,,,,,2.65,,,4.25,,,,,,2.013333333333333,,,,,,
2019-09-25,,2.47,5.449999999999999,4.57,,,3.65,4.13,3.2,2.7,3.27,4.58,3.07,3.33,2.8,3.225,3.0,3.17,,4.0,,,3.0149999999999997,,,3.97,1.77,,,4.17,4.265000000000001,,5.165,,3.2,,,5.385,4.85,3.98,,4.15,,2.785,3.685,4.58,,,,
2019-09-26,,,5.7,4.67,,,3.77,3.7,3.43,3.07,3.915,4.5,4.27,3.57,3.3,3.2,3.0,3.97,,4.37,,,2.93,,,3.73,1.55,,,4.23,4.7,,6.385,,3.47,,,7.05,4.7,5.75,,5.17,,2.71,4.0,4.4,,,,
2019-09-27,,,10.67,9.55,,,6.3,6.385,5.2,4.43,6.43,9.97,7.03,5.3,4.585,4.949999999999999,3.77,5.715,,9.27,,,6.17,4.83,,10.350000000000001,4.965,,,8.7,6.3149999999999995,,14.77,,5.05,,,12.265,8.8,6.71,,8.8,,,6.5,8.415,,,,
2019-09-28,,,,,,,,,,,,,,,,,,,,,,,,,,,,,,,,,,,,,,,,,,,,,,,,,,
2019-09-29,,7.23,12.8,17.015,,,15.065,10.37,10.100000000000001,10.05,13.32,16.97,10.77,7.93,9.73,7.6,,10.2,,13.27,,,12.67,10.0,,15.48,9.23,,11.985,13.43,18.07,,15.5,,10.51,,20.2,19.02,15.85,9.475,,16.635,,,12.0,15.08,0.1,9.5,,
2019-09-30,,3.5,6.47,7.17,,,5.775,4.7,4.37,3.6,6.03,6.65,4.23,5.1,4.215,4.47,,8.1,,6.785,,,5.37,5.7,,,4.25,,4.25,5.87,6.984999999999999,,6.3,,4.9,,8.219999999999999,6.885,7.03,4.984999999999999,,5.65,,,4.335,5.05,0.1,4.25,,
2019-10-01,,0.87,0.6,1.13,,,1.6,2.33,1.1,0.6,1.17,1.2,0.87,1.1,0.6,0.63,,,,1.57,,,1.13,0.785,0.67,0.915,0.4,,0.6,1.13,1.25,,1.415,,0.95,,1.27,,1.87,0.75,,0.98,,,0.7,1.1,0.2,0.8,,
2019-10-02,,1.1,1.77,2.0,,,2.62,2.47,1.7850000000000001,1.27,1.97,2.87,1.27,1.77,1.67,1.37,,,,1.77,,,1.7,1.03,1.7,1.47,1.0,,1.67,2.17,3.22,,2.47,,1.83,,,3.16,2.85,1.47,,2.25,,,1.73,1.82,0.2,1.33,,
2019-10-03,,1.1,1.615,2.07,,,2.635,2.5,1.9,1.33,1.5,3.1,1.6,2.03,1.67,1.63,,,,1.93,,,1.6,0.8,2.215,,0.97,,2.1,2.4850000000000003,,,2.3,,1.87,,1.915,3.135,2.27,1.4,,2.77,,,2.07,2.37,,,,
2019-10-04,,1.8,2.97,3.17,,,3.87,3.43,3.03,2.37,2.83,4.37,2.3,3.1,2.47,2.53,,,,3.37,,,2.67,1.67,3.1,,1.7,,2.77,3.33,4.55,,4.37,,2.78,,3.57,5.3,3.8,2.2,,4.33,,,3.0,3.42,,2.33,,
2019-10-05,,1.23,1.57,1.73,,,2.59,2.13,2.25,1.23,1.7,2.1,1.3,2.13,1.32,1.43,,,,1.83,,,1.685,1.17,1.53,1.33,0.8,,1.37,1.6,2.5,,2.5,,1.75,,3.23,2.83,2.05,1.27,,1.85,,,1.7,1.85,,1.33,,
2019-10-06,,1.2,1.25,1.73,,,2.05,1.7,1.8,1.1,1.73,1.915,1.2,1.5,1.2,1.1,,,,1.5,,,1.43,1.23,,,0.73,,1.315,1.5,2.1,,1.9,,1.3,,1.47,2.15,,1.17,,1.72,,,1.4,1.53,0.2,1.13,,
2019-10-07,,1.3,1.83,2.97,,,3.75,2.57,2.37,1.75,2.57,3.0,1.4,2.6,1.93,1.8,,,,,,,1.87,1.43,,1.93,0.87,,2.0,2.685,3.17,,2.67,,1.85,,2.1,3.2,,1.85,2.73,2.46,,,1.9,2.25,0.2,1.5150000000000001,,
2019-10-08,,,3.5,4.97,,,3.22,3.8,2.215,1.8,3.13,5.27,2.33,2.37,2.2,2.57,,,,,,,3.13,2.43,3.23,,1.83,,2.4,4.97,3.62,,4.93,,2.28,,,5.21,,3.15,,3.45,,,2.43,4.675000000000001,,,,
2019-10-09,,1.9,3.67,4.3149999999999995,,,3.4,3.27,2.3,2.03,2.13,4.33,3.0,3.27,2.5,2.33,2.47,,,3.43,,,2.67,2.0,,3.8,1.53,,2.37,4.07,4.09,,4.050000000000001,,2.815,,,5.12,,2.935,3.625,4.0,,,3.53,3.46,0.2,1.85,,
2019-10-10,,3.43,6.415,9.1,,,8.3,6.65,5.17,4.83,6.4,8.87,5.8149999999999995,5.17,5.050000000000001,4.77,,,,8.27,,,6.07,4.9,,8.275,4.215,,5.7,8.47,8.4,,7.865,,6.12,,,10.9,,5.6,,7.83,,,6.13,9.9575,0.1,5.515000000000001,,
2019-10-11,,3.17,6.57,8.0,,,8.93,7.33,5.949999999999999,4.7,6.33,8.530000000000001,5.5,4.67,4.83,4.37,,,,7.3,,,6.5,3.83,,8.17,4.125,,5.43,8.23,8.55,,8.115,,5.8,,9.36,11.69,,5.22,,7.87,,,5.57,8.79,,5.17,,
2019-10-12,,8.7,10.1,12.27,,,12.07,10.33,9.93,8.27,9.9,12.184999999999999,10.73,7.5,8.63,8.25,,,,11.63,,,12.67,8.17,,13.55,7.6850000000000005,,9.13,12.3,14.375,,12.684999999999999,,9.02,,13.53,16.7,,10.58,,12.66,,,9.63,14.6,0.1,10.37,,
2019-10-13,,3.47,5.37,5.915,,,6.45,6.75,5.23,4.385,6.23,6.83,4.63,4.43,4.465,4.67,,,,,,,6.17,5.2,4.3,7.37,4.4,,4.43,6.484999999999999,5.8,,6.93,,4.45,,8.1,9.004999999999999,,5.45,,7.0,,4.984999999999999,5.1850000000000005,8.05,0.1,3.53,,
2019-10-14,,1.67,4.03,3.55,,,4.75,3.47,3.3,1.97,4.27,4.2,2.315,2.83,2.2,2.2,,,,,2.75,,3.0,1.73,3.37,2.83,1.5,,3.4,4.0,0.2,,4.97,,3.17,,4.03,5.25,,2.435,,4.575,,3.0399999999999996,2.7,3.92,,1.7,,
2019-10-15,,2.27,5.43,5.63,,,4.83,4.6,3.17,2.6,6.73,6.37,3.8,3.43,3.17,3.585,,,,5.27,4.33,,4.13,3.4,,5.1,2.6,,3.83,5.13,0.2,,6.53,,3.7,,5.47,7.195,,4.33,,6.5,,3.3000000000000003,4.53,5.42,,2.93,,
2019-10-16,,2.97,9.05,6.33,,,8.45,6.9,4.67,3.53,9.93,9.0,4.665,4.215,4.27,4.03,,,,6.9,4.28,,6.23,3.285,,6.83,5.43,,5.47,6.115,0.1,,9.4,,8.9,,,11.15,,4.62,,7.87,,4.316666666666666,5.67,8.58,0.33,4.4,,
2019-10-17,,4.8149999999999995,8.1,9.87,,,9.455,,7.265000000000001,5.4,7.785,12.15,5.2,5.43,5.6850000000000005,5.23,,,,7.97,5.78,,6.37,,,7.234999999999999,4.33,,8.6,10.219999999999999,0.2,,9.03,,6.76,,,11.38,,5.3,,8.74,,8.043333333333333,6.13,7.79,,,,
2019-10-18,,3.6,10.5,11.87,,,14.03,7.75,7.23,5.449999999999999,9.73,13.85,8.63,5.8,6.33,5.13,,,,9.37,6.484999999999999,,9.0,,,12.05,6.2,,8.315000000000001,11.065000000000001,0.3,,8.885,,10.77,,,15.88,,6.5,,13.9,,8.2625,9.77,12.6,0.1,4.7,,
2019-10-19,,5.67,10.399999999999999,10.85,,,10.5,10.83,8.415,6.47,9.97,11.77,8.93,6.97,7.4,6.47,,,,9.27,6.1850000000000005,,10.5,,,13.28,6.33,,8.77,10.83,14.015,,14.085,,8.25,,,17.6,,8.4,,14.915,,8.54,7.87,12.23,0.1,6.83,,
2019-10-20,,4.515000000000001,11.13,13.23,,,12.03,8.515,7.2,5.83,13.27,12.5,7.0,6.1,6.27,5.73,,,,9.17,7.6875,,9.67,10.165,,12.7,6.2,,8.43,10.315000000000001,13.13,,13.17,,8.32,,,15.75,,7.3,9.13,13.3,,7.0566666666666675,7.53,10.93,0.1,6.35,,
2019-10-21,,2.5,4.1,5.3,,,4.62,4.73,3.1,3.0,3.37,5.85,3.5,3.4,3.4,2.57,2.63,,,5.33,3.15,,3.8200000000000003,2.67,,4.4,2.4,,3.5,5.23,5.1850000000000005,,5.5,,3.6,,,6.72,,2.66,,,,3.31,3.97,5.2,,2.53,,
2019-10-22,,4.53,4.6850000000000005,5.885,,,6.2,7.2,6.1850000000000005,4.2,5.6,6.1850000000000005,5.0,4.33,4.03,4.1,,,,6.67,3.5,,6.65,3.8,,6.26,2.7,,4.3149999999999995,6.115,6.28,,6.72,,4.4,,,7.75,,4.885,,,,4.327500000000001,4.4,7.1,0.1,,,
2019-10-23,,6.67,8.4,10.35,,,10.3,11.1,8.4,7.115,9.03,10.93,9.17,6.8,7.23,6.785,,,,10.13,6.85,,10.63,7.67,,11.34,6.2,,7.6,11.1,11.73,,11.2,,7.22,,,14.5,,9.2,11.65,10.17,,8.996666666666666,7.8,12.5,0.1,8.365,,
2019-10-24,,12.2,17.6,19.37,,,17.9,20.53,13.97,12.7,14.27,20.415,17.85,10.45,14.515,12.05,,,,18.55,11.63,,22.03,,,20.1,11.0,,13.885,17.03,22.11,,24.6,,14.27,,,29.67,,16.15,,23.035,,16.808333333333334,17.33,25.61,0.2,13.33,,
2019-10-25,,6.93,7.93,8.8,,,8.73,5.9,8.7,6.47,8.13,8.98,10.5,6.785,6.484999999999999,6.7,,,3.7,17.13,5.4350000000000005,,10.52,,,11.96,7.6,,6.9,9.815000000000001,7.22,,11.07,,6.85,,8.684999999999999,14.07,,9.114999999999998,,11.8,,6.683333333333333,6.885,11.739999999999998,0.2,4.67,,
2019-10-26,,1.67,3.17,3.34,3.13,,3.75,3.33,2.93,2.13,3.07,4.1675,2.03,2.75,2.285,2.33,,,,5.07,2.3,,3.33,,,3.43,2.65,,2.65,3.63,0.33,,4.13,,2.95,,3.87,5.1,,2.3,,,,2.3066666666666666,2.415,3.05,0.2,1.6,,
2019-10-27,,1.6,2.57,3.77,3.2,,3.83,3.1,3.17,2.2,2.95,4.27,1.8,2.73,2.33,2.43,,,,3.37,2.67,,3.0,2.63,2.25,3.43,1.9,,3.07,3.785,0.4,,3.83,,2.8,,3.715,4.58,,2.51,3.0,,,2.6433333333333335,2.47,3.51,0.2,2.37,,
2019-10-28,,1.5,2.17,3.1,2.63,,3.75,2.7,2.9,2.13,3.6,3.53,1.4,2.4,2.1100000000000003,1.73,,,,2.9,1.6,,2.1,1.43,,2.37,0.97,,2.47,2.93,,,2.75,,2.03,,2.5149999999999997,3.33,,2.12,3.37,,,2.435,2.03,2.4,0.2,1.73,,
2019-10-29,,1.1,1.5,2.2225,2.285,,3.2,2.47,2.9,1.7,2.13,2.83,1.3,,1.7,1.53,,,,2.5,1.3,,1.7,1.16,,1.9,0.87,,1.97,2.43,3.58,,2.0,,1.52,,,2.7,,1.62,2.97,,2.15,2.0566666666666666,1.63,2.035,,1.5,,
2019-10-30,,2.0,3.0,4.67,3.4,,4.0,4.47,3.07,2.23,3.6,5.03,3.4,,2.37,2.6,,,,5.785,1.65,,3.2,2.57,,4.23,1.97,,2.25,4.615,3.75,,4.7,,2.9,,3.73,6.45,,3.26,,,3.92,2.6441666666666666,2.37,5.85,0.2,3.365,,
2019-10-31,,,,,,,,,,,,,,,,,,,,,,,,,,,,,,,,,,,,,,,,,,,,,,,,,,
2019-11-01,,3.53,6.715,9.17,6.6,,7.3,6.37,5.37,4.23,6.3,10.67,4.915,4.5,4.73,5.6,,,,7.2,4.2,,5.37,4.65,,7.4,3.27,,5.5,9.9,7.83,,10.085,,4.62,,,12.615,,7.53,,,6.825,5.125,5.550000000000001,9.05,,,,
2019-11-02,,19.73,31.63,32.480000000000004,27.53,,30.75,29.5,22.884999999999998,19.585,26.6,38.72,29.615000000000002,21.085,21.77,19.765,,,,30.07,21.15,,30.37,36.115,,27.97,,,27.63,30.5,,,38.635000000000005,,23.98,,,47.515,,32.79,32.37,,,33.43,28.884999999999998,34.1,,,,
2019-11-03,,1.3,1.57,2.5,3.0,,2.8,2.7,2.4,2.23,1.6,3.03,2.0,2.57,2.2,2.4,,,,,1.8,,2.07,,,1.3,,,2.23,2.47,,,2.9850000000000003,,3.28,,,3.95,,1.95,,,,2.385,2.6,2.53,,,,
2019-11-04,,1.1,1.4,1.9,1.77,,1.67,2.4,1.9,1.43,1.67,2.45,1.44,1.67,1.67,1.73,,,,,1.43,,1.63,,,0.9,0.93,,1.67,,,,2.2,,1.87,,,3.0,,1.67,,,,2.13,2.13,2.28,,,,
2019-11-05,,,2.3,2.685,3.37,5.1,3.17,3.615,3.2,2.23,2.315,3.77,2.1,2.67,2.43,2.615,,,,,2.13,,2.965,,,2.0,1.55,,2.8,,4.83,,3.13,,2.35,,,4.45,,2.685,3.53,,,3.3975,3.0075000000000003,3.62,,,,
2019-11-06,,,1.93,2.97,3.2,,2.93,3.215,2.9,1.98,2.23,3.9,2.2,2.8,2.24,,,,,,1.75,,2.27,,,1.23,1.23,,2.93,,5.04,,2.6,,2.28,,,4.3,,2.55,3.53,,,3.9291666666666663,3.03,3.35,,,,
2019-11-07,,,7.43,9.05,8.63,,9.515,8.13,6.715,5.415,7.13,12.885,5.43,5.9,5.8,,,,,,7.03,,5.6850000000000005,,,,4.07,,8.77,,13.36,,9.9,,6.05,,,14.76,,7.3,8.87,,,10.815,9.07,9.73,,,,
2019-11-08,,3.3,9.23,9.27,9.5,,9.45,8.5,5.63,4.57,9.5,12.97,5.33,4.83,4.83,,,,,,8.97,,6.0,,6.984999999999999,,3.715,,,,,,10.5,,8.465,,,14.8,,7.12,7.53,,,8.548333333333332,9.37,8.915,,,,
2019-11-09,,1.3,,2.77,3.87,,4.82,3.6225,3.23,2.3,3.3,5.83,2.2,3.07,2.2,2.07,,,,,2.04,,2.285,1.65,3.1,,2.0,,,,,,4.33,,3.9850000000000003,,,6.07,,2.065,2.5,,,2.4000000000000004,2.87,3.42,,,,
2019-11-10,,1.5,,1.93,2.27,,2.9,2.77,2.93,1.7,1.6,2.97,1.6,1.73,1.83,1.6,,,,,1.93,,2.43,,1.63,,1.3,,,,,,2.6,,1.6,,,3.33,,1.5,1.83,,,1.635,1.95,2.25,,,,
2019-11-11,,2.27,,6.33,5.33,,5.33,5.0,4.3,3.47,,7.2,4.37,4.050000000000001,3.97,3.33,,,,,4.79,,4.35,,4.415,5.547499999999999,2.4,,,,,,5.93,,3.83,,,9.32,,4.03,5.5,,,4.7825,5.6,5.72,,,,
2019-11-12,,10.2,,17.33,14.23,,14.96,15.4,12.87,10.83,13.53,18.93,14.27,,11.8,10.13,,,,,12.3,,19.52,,,18.87,9.4,,,,,,24.9,,10.705,,,32.67,,16.0,,,,18.07,15.03,18.634999999999998,,,,
2019-11-13,,8.63,17.735,23.83,22.4,,18.3,15.37,12.0,10.3,23.1,28.23,11.8,,10.9,11.77,,,,,20.11,,17.15,,,20.07,9.1,,23.53,,,,21.4,,12.8,,,26.475,,18.884999999999998,17.15,,,21.85,17.57,21.1,,,,
2019-11-14,,4.13,8.9,12.63,10.67,,11.43,7.87,7.63,5.47,9.23,17.43,5.63,,6.415,6.17,,,,,9.05,,9.6,,,11.2,5.3525,,10.915,,,,11.37,,8.2,,,17.259999999999998,,7.9,,,,,8.9,9.93,,,,
2019-11-15,,14.2,27.2,26.15,24.25,,28.77,24.765,16.55,14.23,27.47,36.95,19.27,,15.03,15.27,,,,,21.11,,25.685000000000002,,,22.8,15.87,,20.299999999999997,,,,31.53,,22.490000000000002,,,38.38,,23.38,24.47,,,,23.27,27.98,,,,
2019-11-16,,8.085,19.73,17.53,18.87,,21.11,16.0,12.42,10.33,15.83,21.9,14.735,,11.77,9.165,,,,,13.1,,21.37,,,18.5,12.125,,13.1,,,,23.665,,12.68,,,30.71,,13.875,,,,,18.7,18.83,,,,
2019-11-17,,3.9,6.85,7.37,5.7,,7.37,7.07,6.3,4.9,5.532500000000001,7.6,5.37,,5.285,4.93,,,,,4.609999999999999,,8.1,,6.5,8.27,3.9850000000000003,,,,,,8.9,,5.5600000000000005,,,11.25,,5.9399999999999995,7.4,,,,5.73,8.02,,,,
2019-11-18,,23.23,34.73,36.864999999999995,30.75,,36.25,33.6,27.87,21.665,29.83,41.87,34.415,,25.415,21.03,,,,,25.285,,45.215,,,34.0725,25.715,,,,43.65,,44.97,,22.55,,,56.49,,35.75,,,,,36.1,41.3,,,,
2019-11-19,,6.0,10.27,9.95,8.63,,8.85,10.015,9.13,6.33,6.65,10.8,8.63,,7.27,,,,,,6.3,,13.63,,,,6.165,,,,,,12.43,,7.43,,,14.7,,7.95,,,,,8.615,11.15,,,,
2019-11-20,,4.93,8.53,13.065,8.45,,9.95,9.280000000000001,8.33,6.47,7.88,12.785,9.43,,6.65,4.97,,,,,5.62,,8.8,,,13.62,6.535,,,,,,12.67,,8.02,,,14.93,,7.78,,,,,8.0,10.73,,,,
2019-11-21,,9.65,17.3,18.365,16.285,,17.98,16.05,13.85,10.6,11.83,20.23,16.0,,11.6,,,,,,12.63,,19.935,,,,10.865,,12.085,,,,20.48,,11.45,,,26.58,,14.215,,,,,17.1,17.9,,,,
2019-11-22,,14.73,20.3,21.17,17.63,,19.0,19.13,15.8,13.3,13.77,23.07,18.5,,15.2,,,,,,15.13,,27.03,,,,12.485,,15.315000000000001,,,,25.2,,13.39,,,31.25,,,23.565,,,,19.93,22.02,,,,
2019-11-23,,11.615,18.42,20.47,15.67,,17.740000000000002,16.43,15.0,13.03,12.63,22.47,17.4,,15.23,12.2,,,,,,,21.9,,15.315000000000001,,10.23,,13.63,,,,23.37,,,,,29.05,,,23.67,,,,18.4,20.6,,,,
2019-11-24,,10.4,14.17,16.75,12.13,,13.88,13.75,12.0,9.93,11.2,17.6475,14.13,10.9,,10.885,,,,,,,14.515,,12.0,,8.77,,10.7,13.985,,,18.43,,,,,22.61,,16.17,,,,,14.085,16.42,,,,
2019-11-25,,,18.665,23.884999999999998,14.93,,17.42,17.23,14.63,12.83,,25.15,19.17,,,13.985,,,,,,,19.6,,,,10.015,,12.97,19.95,,,26.47,,,,,29.17,,21.83,,,,,17.63,23.424999999999997,,,,
2019-11-26,,,,,,,,,,,,,,,,,,,,,,,,,,,,,,,,,,,,,,,,,,,,,,,,,,
2019-11-27,,,,,,,,,,,,,,,,,,,,,,,,,,,,,,,,,,,,,,,,,,,,,,,,,,
2019-11-28,,,,,,,,,,,,,,,,,,,,,,,,,,,,,,,,,,,,,,,,,,,,,,,,,,
2019-11-29,,1.47,,2.215,,,3.2,2.9,2.77,2.23,1.9,3.53,1.33,,1.66,1.6,,,,,,,2.4,,1.83,2.15,1.0,,,,,,2.185,,,,,3.435,,1.92,,,,,1.87,2.65,,,,
2019-11-30,,1.97,2.185,3.7,,,5.1,4.3149999999999995,4.4,3.63,2.9,5.05,2.415,3.53,2.97,2.7,,,,,,,3.785,,2.73,3.95,1.8,,,,,,3.03,,,,,5.55,,4.2,4.5,,,,3.4,4.6,,,,
2019-12-01,,1.43,1.6,2.53,,,2.8,3.07,2.13,1.585,1.885,2.67,1.34,,1.66,1.53,,,,2.6,,,2.0,,1.37,1.8,0.8,,,,,,2.33,,,,,3.4,,1.815,2.33,,,,1.83,2.42,,,,
2019-12-02,,1.3,1.17,2.33,,,2.83,2.43,2.17,1.77,1.63,2.58,1.17,,1.77,1.3,,,,,,,1.8,,1.3,,0.77,,,,,,,,,,,2.885,,3.6,2.33,,,,1.57,1.95,,,,
2019-12-03,,2.0,2.6,3.77,,,4.6,3.83,,1.93,2.6,4.125,2.0,3.07,2.3,2.0,,,,,,,3.7,,,4.785,1.3,,,,,,,,,,,5.47,,2.92,3.4,,,,2.67,4.2575,,,,
2019-12-04,,4.4,,7.015,,,7.5,8.765,,3.415,6.07,8.13,3.33,,3.925,3.97,,,,5.93,,,6.984999999999999,4.550000000000001,,6.885,2.67,,,,,,6.93,,,,8.665,8.399999999999999,,5.18,4.915,,,,4.865,7.68,,,,
2019-12-05,,6.17,,9.67,,,9.75,9.37,,6.83,6.8,10.184999999999999,7.93,,6.37,6.4,,,,8.815000000000001,,,9.33,6.93,,9.4,4.5,,,,,,9.43,,,,,13.32,,8.76,11.19,,,,7.63,,,,,
2019-12-06,,3.27,,6.115,,,6.8,6.015000000000001,,4.615,4.83,7.365,4.3,,4.07,3.97,,,,6.37,,,5.9,,,6.03,3.03,,,,,,7.15,,,,,10.415,,4.765000000000001,5.4,,,,4.949999999999999,,,,,
2019-12-07,,1.0,,1.93,,,1.73,1.43,,1.37,1.2,2.37,0.93,,0.93,0.8,,,,1.87,,,1.23,0.93,,1.3,0.53,,,,,,1.67,,,,,2.28,,0.7,,,,,0.97,1.12,,,,
2019-12-08,,1.4,,3.5,,,3.6,3.515,,2.4,2.13,3.77,2.3,,2.785,2.13,,,,,,,3.185,1.7,,3.3,1.4,,,,,,4.03,,,,,5.87,,2.33,,,,,2.5,3.5149999999999997,,,0.2,
2019-12-09,,4.27,,7.6,,,7.95,7.53,,5.17,5.0,8.515,5.869999999999999,,5.115,4.8,,,,,,,6.484999999999999,4.484999999999999,,7.54,3.73,,,,,,7.3,,,,,10.31,,6.05,,,,,5.7,9.68,,,0.4,
2019-12-10,,1.7,,3.97,,,4.3,4.25,,2.63,2.87,4.65,1.9925,,2.83,2.33,,,,,,,3.33,1.9,,3.63,1.87,,,,,,3.8,,,,,5.45,,3.115,,,,,3.07,3.95,,,3.5149999999999997,
2019-12-11,,3.4,,6.5,,,6.5,6.33,,4.77,4.2,7.6,4.93,,5.03,4.4,,,,6.3,,,6.984999999999999,4.23,,,3.53,,,,,,7.33,,,,,,,5.96,,,,,5.63,9.24,,,4.22,
2019-12-12,,26.83,,26.73,,,20.759999999999998,26.215,,18.115000000000002,15.485,32.73,24.5,,19.53,16.38,,,,26.48,,,43.13,17.9,,,15.5,,,,,,34.42,,,,,,,31.87,,,,,25.215,33.235,,,10.795,10.73
2019-12-13,,11.9,,20.6,,,18.05,18.67,,16.72,14.85,23.27,17.415,,14.43,12.33,,,,,,,26.87,14.97,,,10.47,,,,,,25.87,,,,,,,19.049999999999997,,,,,18.29,22.02,,,10.98,18.635
2019-12-14,,,,,,,,,,,,,,,,,,,,,,,,,,,,,,,,,,,,,,,,,,,,,,,,,,
2019-12-15,,2.63,,7.6,,,6.6,5.984999999999999,,5.0,6.33,8.63,4.0,,4.33,3.73,,,,5.93,,,6.07,3.75,,7.0,2.7,,6.37,,,,6.93,,,,6.2,,,4.25,,,,,5.03,6.28,,,2.87,4.82
2019-12-16,,,,,,,,,,,,,,,,,,,,,,,,,,,,,,,,,,,,,,,,,,,,,,,,,,
2019-12-17,,,,,,,,,,,,,,,,,,,,,,,,,,,,,,,,,,,,,,,,,,,,,,,,,,
2019-12-18,,,,,,,,,,,,,,,,,,,,,,,,,,,,,,,,,,,,,,,,,,,,,,,,,,
2019-12-19,,,,,,,,,,,,,,,,,,,,,,,,,,,,,,,,,,,,,,,,,,,,,,,,,,
2019-12-20,,24.57,,46.165000000000006,,,54.14,45.17,,21.07,34.3,56.775,32.519999999999996,,,19.73,,,,35.9,,,40.7,34.9,,33.93,33.620000000000005,,35.65,,,,39.065,,,,,64.15,,32.665000000000006,,,,,40.07,57.75,,,1.35,2.5
2019-12-21,,53.57,,117.25,,,135.5,76.815,,40.72,91.37,151.85000000000002,67.04,,,40.18,,,,,,,92.58,82.27,,88.97,54.42,,82.43,,,,82.115,,,,,118.835,,66.18,,,,,72.63499999999999,94.19999999999999,,,3.715,25.17
2019-12-22,,4.2,,8.83,,,9.215,7.33,,7.2,7.17,9.77,5.0,,5.33,4.87,,,,8.285,,,9.4,7.0,,7.6,3.6,,6.63,,,,9.1,,,,,12.98,,6.35,,,,,6.37,8.965,,,0.53,7.75
2019-12-23,,3.73,,12.1,,,7.43,7.615,,4.67,5.615,12.184999999999999,6.0,5.6,5.37,7.17,,,,9.63,,,4.8,6.0,,6.4,3.43,,7.3,,,,8.93,,,,,11.07,,9.68,,,,,7.03,9.69,,,0.4,7.6975
2019-12-24,,5.73,,14.17,,,8.38,10.0,,5.43,9.0,14.77,8.35,,8.13,9.27,,,,9.935,,,7.97,12.17,,10.15,7.37,,10.45,,,,12.77,,,,,14.75,,14.77,,,,,11.53,11.63,,,1.0,13.32
2019-12-25,,3.7,,19.314999999999998,,,13.665,7.7,,6.17,9.7,29.884999999999998,7.87,,7.65,7.115,,,,10.43,,,5.87,7.85,,7.97,5.285,,17.07,,,,10.57,,,,,17.325000000000003,,10.63,,,,,10.7,11.64,,,0.4,
2019-12-26,,1.83,,3.57,,,4.5,3.3675,,1.93,2.43,4.87,2.2,,2.87,2.23,,,,3.25,,,2.8,1.55,,2.1,2.07,,3.0,,,,3.715,,,,,5.15,,2.37,,,,,3.185,3.37,,,0.13,
2019-12-27,,2.23,,3.34,,,4.63,4.53,,2.63,2.87,4.83,2.7,,3.6100000000000003,3.07,,,,4.07,,,3.7,2.4,,2.47,2.3,,3.07,,,,3.97,,,,,5.6,,3.385,,,,,3.97,4.9,,,0.3,
2019-12-28,,2.43,,5.4,,,5.2,5.13,,3.13,4.13,6.0,3.07,,3.87,3.57,,,,5.33,,,4.63,3.2,,,2.37,,3.67,,,,6.03,,,,,7.78,,4.915,,,,,4.33,5.47,,,0.4,
2019-12-29,,9.399999999999999,,13.7,,,14.975,13.7,,10.1,10.5,15.715,12.215,,11.17,9.935,,,,15.77,,,19.715,9.850000000000001,,12.135,8.87,,,,,,16.43,,,,,22.7,,15.85,,,,,15.63,17.77,,,0.77,
2019-12-30,,8.23,,12.93,,,13.675,12.75,,9.05,9.67,14.265,10.75,,9.27,8.67,,,,9.715,,,12.635,13.615,,12.88,9.03,,,,,,12.015,,,,,17.05,,12.285,,,,,11.53,14.38,,,0.6,14.23
2019-12-31,,1.27,,2.37,,,3.8,2.5,,2.07,2.2,3.07,1.6,,1.97,1.53,,,,2.585,,,1.7,,,2.2,1.0775000000000001,,,,,,2.0,,,,,3.05,,2.385,,,,,1.73,2.47,,,,2.96
2020-01-01,,,,,,,,,,,,,,,,,,,,,,,,,,,,,,,,,,,,,,,,,,,,,,,,,,
